Point_ID,latitude,longitude,BUFF_DIST,REFERENCE_YEAR,DOM_LAYER_PCT,DOM_LAYER_BASAL_AREA,DOM_LAYER_STEMS_PER_HA,DOM_LAYER_VERTICAL_COMPLEXITY,DOM_LAYER_COVER_PATTERN,DOM_LAYER_SPECIES_CODE,DOM_LAYER_HEIGHT,DOM_LAYER_AGE,DOM_LAYER_ID,Shape_Area
CAVELL-1,52.68170144,-118.0401,150,2020,10,2,225,3,8,BL,10.1,121,A Layer,20344.56861
CAVELL-1,52.68170144,-118.0401,150,2020,30,20,520,4,9,BL,15,173,A Layer,6210.979977
CAVELL-1,52.68170144,-118.0401,150,2020,50,28,1100,4,9,BL,14.3,164,A Layer,875.4255051
CAVELL-1,52.68170144,-118.0401,150,2020,40,15,900,4,8,SE,11.2,70,A Layer,1158.074355
CAVELL-1,52.68170144,-118.0401,150,2020,50,28,1100,4,9,BL,14.4,166,A Layer,42082.23541
CAVELL-1,52.68170144,-118.0401,150,2020,5,0,100,3,3,BL,6,90,A Layer,13.98278724
CAVELL-10,52.68479671,-118.0347,150,2020,45,28,750,4,9,BL,15.6,172,A Layer,36960.17656
CAVELL-10,52.68479671,-118.0347,150,2020,10,2,225,3,8,BL,10.1,121,A Layer,33449.62374
CAVELL-10,52.68479671,-118.0347,150,2020,50,28,1100,4,9,BL,14.3,164,A Layer,275.4954068
CAVELL-2,52.67939365,-118.0378,150,2020,10,2,225,3,8,BL,10.1,121,A Layer,33526.40559
CAVELL-2,52.67939365,-118.0378,150,2020,50,28,1100,4,9,BL,14.4,166,A Layer,4783.49075
CAVELL-2,52.67939365,-118.0378,150,2020,5,0,100,3,3,BL,6,90,A Layer,32375.29008
CAVELL-3,52.67722693,-118.0337,150,2020,10,2,225,3,8,BL,10.1,121,A Layer,14402.17631
CAVELL-3,52.67722693,-118.0337,150,2020,5,0,100,3,3,BL,6,90,A Layer,39555.08671
CAVELL-3,52.67722693,-118.0337,150,2020,3,0,60,3,1,BL,5,90,A Layer,3417.68812
CAVELL-3,52.67722693,-118.0337,150,2020,,,,,,,,,,12914.80378
CAVELL-4,52.67983697,-118.0333,150,2020,10,2,225,3,8,BL,10.1,121,A Layer,4579.469816
CAVELL-4,52.67983697,-118.0333,150,2020,5,0,100,3,3,BL,6,90,A Layer,46820.70883
CAVELL-4,52.67983697,-118.0333,150,2020,,,,,,,,,,17397.32006
CAVELL-5,52.68107347,-118.0297,150,2020,5,0,100,3,3,BL,6,90,A Layer,217.6600503
CAVELL-5,52.68107347,-118.0297,150,2020,,,,,,,,,,23125.6338
CAVELL-5,52.68107347,-118.0297,150,2020,,,,,,,,,,44927.28076
CAVELL-5,52.68107347,-118.0297,150,2020,,,,,,,,,,922.494694
CAVELL-6,52.68294825,-118.026,150,2020,5,0,100,3,3,BL,6,90,A Layer,30141.0537
CAVELL-6,52.68294825,-118.026,150,2020,,,,,,,,,,20018.07286
CAVELL-6,52.68294825,-118.026,150,2020,,,,,,,,,,17757.85856
CAVELL-6,52.68294825,-118.026,150,2020,,,,,,,,,,2768.35672
CAVELL-7,52.6847719,-118.0293,150,2020,5,0,100,3,3,BL,6,90,A Layer,41406.89019
CAVELL-7,52.6847719,-118.0293,150,2020,10,2,225,3,8,BL,10.1,121,A Layer,7023.70912
CAVELL-7,52.6847719,-118.0293,150,2020,10,2,250,3,8,BL,7,90,A Layer,10241.2353
CAVELL-7,52.6847719,-118.0293,150,2020,,,,,,,,,,12013.35869
CAVELL-8,52.68692387,-118.0258,150,2020,15,2,225,3,8,BL,9.1,120,A Layer,9382.349186
CAVELL-8,52.68692387,-118.0258,150,2020,5,0,100,3,3,BL,6,90,A Layer,49875.89571
CAVELL-8,52.68692387,-118.0258,150,2020,10,2,250,3,8,BL,7,90,A Layer,8587.059831
CAVELL-8,52.68692387,-118.0258,150,2020,,,,,,,,,,2839.990164
CAVELL-9,52.68743676,-118.0309,150,2020,15,2,225,3,8,BL,9.1,120,A Layer,19524.48151
CAVELL-9,52.68743676,-118.0309,150,2020,5,0,100,3,3,BL,6,90,A Layer,29055.3622
CAVELL-9,52.68743676,-118.0309,150,2020,10,2,225,3,8,BL,10.1,121,A Layer,20662.97546
CAVELL-9,52.68743676,-118.0309,150,2020,,,,,,,,,,1442.32203
COTTONWOOD-1,52.89175898,-118.0925,150,2020,5,0,180,4,8,SB,4,55,A Layer,15501.23949
COTTONWOOD-1,52.89175898,-118.0925,150,2020,45,30,600,3,8,AT,23.4,127,A Layer,1475.131379
COTTONWOOD-1,52.89175898,-118.0925,150,2020,15,8,144,3,8,PLI,19.5,109,A Layer,1034.630956
COTTONWOOD-1,52.89175898,-118.0925,150,2020,40,20,765,4,8,SB,17.1,108,A Layer,12495.96014
COTTONWOOD-1,52.89175898,-118.0925,150,2020,5,3,50,5,8,FDI,23.3,151,A Layer,40178.34764
COTTONWOOD-1,52.89175898,-118.0925,150,2020,45,25,605,3,8,SX,18.5,92,A Layer,0.00043966
COTTONWOOD-10,52.89605303,-118.0943,150,2020,35,30,225,4,8,FDI,28.8,188,A Layer,12.14486425
COTTONWOOD-10,52.89605303,-118.0943,150,2020,1,1,11,3,3,AT,24,100,A Layer,11374.60045
COTTONWOOD-10,52.89605303,-118.0943,150,2020,35,27,293,4,8,FDI,24.8,167,A Layer,114.1182928
COTTONWOOD-10,52.89605303,-118.0943,150,2020,35,30,370,4,8,SW,22.1,100,A Layer,46579.36721
COTTONWOOD-10,52.89605303,-118.0943,150,2020,1,1,11,4,3,FDI,16,110,A Layer,1195.992227
COTTONWOOD-10,52.89605303,-118.0943,150,2020,5,0,180,4,8,SB,4,55,A Layer,11408.91929
COTTONWOOD-2,52.89256096,-118.0968,150,2020,5,0,180,4,8,SB,4,55,A Layer,41195.69572
COTTONWOOD-2,52.89256096,-118.0968,150,2020,45,30,600,3,8,AT,23.4,127,A Layer,19647.91422
COTTONWOOD-2,52.89256096,-118.0968,150,2020,55,36,735,3,8,AT,24,122,A Layer,1464.723116
COTTONWOOD-2,52.89256096,-118.0968,150,2020,40,20,765,4,8,SB,17.1,108,A Layer,8376.997314
COTTONWOOD-3,52.89321198,-118.1013,150,2020,5,1,104,4,8,SW,12,100,A Layer,6642.007057
COTTONWOOD-3,52.89321198,-118.1013,150,2020,5,0,180,4,8,SB,4,55,A Layer,18960.99392
COTTONWOOD-3,52.89321198,-118.1013,150,2020,20,15,216,3,8,PLI,24.2,141,A Layer,3384.567553
COTTONWOOD-3,52.89321198,-118.1013,150,2020,1,1,13,4,3,PLI,23.3,141,A Layer,134.2086681
COTTONWOOD-3,52.89321198,-118.1013,150,2020,45,30,600,3,8,AT,23.4,127,A Layer,11525.1429
COTTONWOOD-3,52.89321198,-118.1013,150,2020,55,36,735,3,8,AT,24,122,A Layer,19334.22251
COTTONWOOD-3,52.89321198,-118.1013,150,2020,,,,,,,,,,10704.02045
COTTONWOOD-4,52.89238201,-118.1057,150,2020,5,1,104,4,8,SW,12,100,A Layer,861.5266733
COTTONWOOD-4,52.89238201,-118.1057,150,2020,20,15,216,3,8,PLI,24.2,141,A Layer,19743.13977
COTTONWOOD-4,52.89238201,-118.1057,150,2020,1,1,13,4,3,PLI,23.3,141,A Layer,30374.91091
COTTONWOOD-4,52.89238201,-118.1057,150,2020,55,36,735,3,8,AT,24,122,A Layer,1752.977957
COTTONWOOD-4,52.89238201,-118.1057,150,2020,40,18,700,3,8,SW,11.7,80,A Layer,15458.93876
COTTONWOOD-4,52.89238201,-118.1057,150,2020,45,35,580,4,8,SW,22.6,142,A Layer,2235.283892
COTTONWOOD-4,52.89238201,-118.1057,150,2020,25,15,288,3,8,PLI,21.3,134,A Layer,258.3200747
COTTONWOOD-5,52.89257202,-118.1102,150,2020,20,15,216,3,8,PLI,24.2,141,A Layer,8392.400046
COTTONWOOD-5,52.89257202,-118.1102,150,2020,1,1,13,4,3,PLI,23.3,141,A Layer,50531.33252
COTTONWOOD-5,52.89257202,-118.1102,150,2020,20,15,234,3,8,PLI,22.8,143,A Layer,10154.53783
COTTONWOOD-5,52.89257202,-118.1102,150,2020,45,35,580,4,8,SW,22.6,142,A Layer,1567.012289
COTTONWOOD-6,52.89496397,-118.1122,150,2020,3,2,27,4,3,SW,27.6,154,A Layer,2912.728366
COTTONWOOD-6,52.89496397,-118.1122,150,2020,10,8,153,3,8,PLI,19,120,A Layer,3705.128024
COTTONWOOD-6,52.89496397,-118.1122,150,2020,5,1,104,4,8,SW,12,100,A Layer,23045.49043
COTTONWOOD-6,52.89496397,-118.1122,150,2020,10,6,126,3,8,AT,22.2,117,A Layer,13660.04927
COTTONWOOD-6,52.89496397,-118.1122,150,2020,34,25,383,3,8,SB,20.7,145,A Layer,924.9883297
COTTONWOOD-6,52.89496397,-118.1122,150,2020,35,25,383,3,8,PLI,21,134,A Layer,21978.16122
COTTONWOOD-6,52.89496397,-118.1122,150,2020,20,15,216,3,8,PLI,24.2,141,A Layer,4304.661079
COTTONWOOD-6,52.89496397,-118.1122,150,2020,1,1,13,4,3,PLI,23.3,141,A Layer,114.2231666
COTTONWOOD-7,52.89576402,-118.1166,150,2020,10,8,153,3,8,PLI,19,120,A Layer,13859.51601
COTTONWOOD-7,52.89576402,-118.1166,150,2020,5,1,104,4,8,SW,12,100,A Layer,24672.9754
COTTONWOOD-7,52.89576402,-118.1166,150,2020,5,2,54,4,3,FDI,22.8,139,A Layer,18354.80644
COTTONWOOD-7,52.89576402,-118.1166,150,2020,25,17,250,3,8,PLI,22.8,146,A Layer,46.69930822
COTTONWOOD-7,52.89576402,-118.1166,150,2020,34,25,383,3,8,SB,20.7,145,A Layer,13699.98713
COTTONWOOD-7,52.89576402,-118.1166,150,2020,5,2,68,3,3,PLI,21,104,A Layer,51.33631982
COTTONWOOD-8,52.89501099,-118.1077,150,2020,3,2,27,4,3,SW,27.6,154,A Layer,12526.29216
COTTONWOOD-8,52.89501099,-118.1077,150,2020,5,1,104,4,8,SW,12,100,A Layer,17742.0851
COTTONWOOD-8,52.89501099,-118.1077,150,2020,30,30,200,4,8,FDI,29.7,172,A Layer,16464.88755
COTTONWOOD-8,52.89501099,-118.1077,150,2020,10,6,126,3,8,AT,22.2,117,A Layer,12737.41016
COTTONWOOD-8,52.89501099,-118.1077,150,2020,35,25,383,3,8,PLI,21,134,A Layer,5285.992273
COTTONWOOD-8,52.89501099,-118.1077,150,2020,20,15,216,3,8,PLI,24.2,141,A Layer,5928.472961
COTTONWOOD-9,52.89550904,-118.0989,150,2020,35,30,225,4,8,FDI,28.8,188,A Layer,14917.85449
COTTONWOOD-9,52.89550904,-118.0989,150,2020,3,2,27,4,3,SW,27.6,154,A Layer,727.9613083
COTTONWOOD-9,52.89550904,-118.0989,150,2020,35,27,293,4,8,FDI,24.8,167,A Layer,58.13799606
COTTONWOOD-9,52.89550904,-118.0989,150,2020,45,32,625,3,8,FDI,21.9,129,A Layer,1102.468929
COTTONWOOD-9,52.89550904,-118.0989,150,2020,5,1,104,4,8,SW,12,100,A Layer,15.92355502
COTTONWOOD-9,52.89550904,-118.0989,150,2020,35,30,370,4,8,SW,22.1,100,A Layer,1393.027565
COTTONWOOD-9,52.89550904,-118.0989,150,2020,1,1,11,4,3,FDI,16,110,A Layer,14358.74038
COTTONWOOD-9,52.89550904,-118.0989,150,2020,35,26,270,3,8,FDI,23.5,148,A Layer,13244.60695
COTTONWOOD-9,52.89550904,-118.0989,150,2020,5,0,180,4,8,SB,4,55,A Layer,12909.83594
COTTONWOOD-9,52.89550904,-118.0989,150,2020,,,,,,,,,,2273.086979
COTTONWOOD-9,52.89550904,-118.0989,150,2020,,,,,,,,,,9683.601654
ELYSIUM-1,52.88492396,-118.2618,150,2020,40,42,428,4,8,SW,31.7,140,A Layer,9261.581949
ELYSIUM-1,52.88492396,-118.2618,150,2022,10,15,210,3,8,PLI,25,121,A Layer,43355.6905
ELYSIUM-1,52.88492396,-118.2618,150,2020,5,2,59,3,8,PLI,23.3,120,A Layer,1565.105714
ELYSIUM-1,52.88492396,-118.2618,150,2020,45,32,610,4,8,AT,21.4,101,A Layer,16503.19486
ELYSIUM-10,52.90203058,-118.2896,150,2020,40,42,428,4,8,SW,31.7,140,A Layer,2274.113225
ELYSIUM-10,52.90203058,-118.2896,150,2020,30,15,495,4,8,SB,18.4,123,A Layer,5166.100896
ELYSIUM-10,52.90203058,-118.2896,150,2020,43,27,698,3,8,PLI,20,120,A Layer,984.5533826
ELYSIUM-10,52.90203058,-118.2896,150,2020,15,10,135,3,8,PLI,21.4,122,A Layer,49571.14595
ELYSIUM-10,52.90203058,-118.2896,150,2020,55,30,900,3,8,PLI,20,110,A Layer,8386.171616
ELYSIUM-10,52.90203058,-118.2896,150,2020,40,27,650,3,8,PLI,20,115,A Layer,4303.088217
ELYSIUM-2,52.88633061,-118.2657,150,2020,40,42,428,4,8,SW,31.7,140,A Layer,631.8561966
ELYSIUM-2,52.88633061,-118.2657,150,2020,35,22,515,3,8,PLI,20,105,A Layer,5017.615473
ELYSIUM-2,52.88633061,-118.2657,150,2020,10,10,126,3,8,PLI,22.5,125,A Layer,15895.9335
ELYSIUM-2,52.88633061,-118.2657,150,2020,40,25,600,4,8,SB,19.3,117,A Layer,5902.296367
ELYSIUM-2,52.88633061,-118.2657,150,2022,10,15,210,3,8,PLI,25,121,A Layer,12338.88116
ELYSIUM-2,52.88633061,-118.2657,150,2020,5,2,81,4,3,PLI,19,118,A Layer,2227.182617
ELYSIUM-2,52.88633061,-118.2657,150,2020,5,2,59,3,8,PLI,23.3,120,A Layer,28613.87358
ELYSIUM-3,52.8882395,-118.2688,150,2020,35,22,515,3,8,PLI,20,105,A Layer,10244.64926
ELYSIUM-3,52.8882395,-118.2688,150,2020,10,10,126,3,8,PLI,22.5,125,A Layer,17583.40682
ELYSIUM-3,52.8882395,-118.2688,150,2020,40,25,600,4,8,SB,19.3,117,A Layer,15873.44327
ELYSIUM-3,52.8882395,-118.2688,150,2020,6,3,88,4,8,PLI,23,127,A Layer,23183.79696
ELYSIUM-3,52.8882395,-118.2688,150,2022,10,15,210,3,8,PLI,25,121,A Layer,3742.249789
ELYSIUM-4,52.88988026,-118.2725,150,2020,10,8,144,3,8,PLI,20.4,125,A Layer,5281.03057
ELYSIUM-4,52.88988026,-118.2725,150,2020,15,10,125,3,8,SW,23.5,131,A Layer,8589.863
ELYSIUM-4,52.88988026,-118.2725,150,2020,35,22,515,3,8,PLI,20,105,A Layer,23676.13535
ELYSIUM-4,52.88988026,-118.2725,150,2020,10,10,126,3,8,PLI,22.5,125,A Layer,27400.90612
ELYSIUM-4,52.88988026,-118.2725,150,2020,40,25,600,4,8,SB,19.3,117,A Layer,5394.65129
ELYSIUM-4,52.88988026,-118.2725,150,2020,6,3,88,4,8,PLI,23,127,A Layer,342.6793858
ELYSIUM-5,52.8922199,-118.2749,150,2020,5,2,63,3,8,PLI,21,135,A Layer,2951.278501
ELYSIUM-5,52.8922199,-118.2749,150,2020,25,20,171,4,8,SW,25.9,143,A Layer,9951.149012
ELYSIUM-5,52.8922199,-118.2749,150,2020,10,8,144,3,8,PLI,20.4,125,A Layer,49459.97371
ELYSIUM-5,52.8922199,-118.2749,150,2020,15,10,125,3,8,SW,23.5,131,A Layer,8010.330688
ELYSIUM-5,52.8922199,-118.2749,150,2020,35,22,515,3,8,PLI,20,105,A Layer,244.5219366
ELYSIUM-6,52.89418328,-118.2779,150,2020,20,10,306,3,8,PLI,19,120,A Layer,7429.218643
ELYSIUM-6,52.89418328,-118.2779,150,2020,5,2,63,3,8,PLI,21,135,A Layer,21844.24748
ELYSIUM-6,52.89418328,-118.2779,150,2020,5,2,63,3,8,PLI,22.2,125,A Layer,947.4149714
ELYSIUM-6,52.89418328,-118.2779,150,2020,25,20,171,4,8,SW,25.9,143,A Layer,656.7892654
ELYSIUM-6,52.89418328,-118.2779,150,2020,40,30,575,3,8,SW,20,117,A Layer,12498.33257
ELYSIUM-6,52.89418328,-118.2779,150,2020,10,8,144,3,8,PLI,20.4,125,A Layer,27241.29178
ELYSIUM-7,52.89613651,-118.281,150,2020,20,10,306,3,8,PLI,19,120,A Layer,19434.28999
ELYSIUM-7,52.89613651,-118.281,150,2020,5,2,63,3,8,PLI,21,135,A Layer,49190.15711
ELYSIUM-7,52.89613651,-118.281,150,2020,5,2,63,3,8,PLI,22.2,125,A Layer,2060.795795
ELYSIUM-8,52.8973342,-118.285,150,2020,15,10,126,3,8,PLI,22.2,120,A Layer,3273.995306
ELYSIUM-8,52.8973342,-118.285,150,2020,5,2,63,3,8,PLI,21,135,A Layer,67367.43138
ELYSIUM-8,52.8973342,-118.285,150,2020,25,15,324,4,8,AT,19.6,98,A Layer,43.9036854
ELYSIUM-9,52.89926799,-118.2882,150,2020,15,10,135,3,8,PLI,21.4,122,A Layer,13092.92105
ELYSIUM-9,52.89926799,-118.2882,150,2020,40,27,650,3,8,PLI,20,115,A Layer,33319.50848
ELYSIUM-9,52.89926799,-118.2882,150,2020,15,10,126,3,8,PLI,22.2,120,A Layer,23605.6289
ELYSIUM-9,52.89926799,-118.2882,150,2020,5,2,63,3,8,PLI,21,135,A Layer,667.2964738
FIDDLE-1,53.03090385,-117.5446,150,2020,1,0,20,4,3,BL,7,90,A Layer,98.14835536
FIDDLE-1,53.03090385,-117.5446,150,2020,33,10,480,4,8,SE,15.8,90,A Layer,41101.70856
FIDDLE-1,53.03090385,-117.5446,150,2020,45,25,565,4,8,SE,16.6,142,A Layer,27221.56512
FIDDLE-1,53.03090385,-117.5446,150,2020,3,0,20,4,3,SE,16,135,A Layer,776.0845089
FIDDLE-10,53.02978344,-117.5114,150,2020,,,,,,,,,,10892.5539
FIDDLE-10,53.02978344,-117.5114,150,2020,,,,,,,,,,41177.33022
FIDDLE-10,53.02978344,-117.5114,150,2020,,,,,,,,,,1891.454675
FIDDLE-10,53.02978344,-117.5114,150,2020,,,,,,,,,,15964.1558
FIDDLE-2,53.03337065,-117.5438,150,2020,45,25,815,4,8,BL,15.2,102,A Layer,27022.47334
FIDDLE-2,53.03337065,-117.5438,150,2020,45,25,635,4,9,SE,16.4,92,A Layer,7734.646467
FIDDLE-2,53.03337065,-117.5438,150,2020,1,0,20,4,3,BL,7,90,A Layer,4955.728514
FIDDLE-2,53.03337065,-117.5438,150,2020,15,6,135,4,8,SE,15.6,73,A Layer,7026.773579
FIDDLE-2,53.03337065,-117.5438,150,2020,33,10,480,4,8,SE,15.8,90,A Layer,17324.5564
FIDDLE-3,53.03512565,-117.5414,150,2020,45,25,815,4,8,BL,15.2,102,A Layer,43447.35364
FIDDLE-3,53.03512565,-117.5414,150,2020,45,25,635,4,9,SE,16.4,92,A Layer,4591.341528
FIDDLE-3,53.03512565,-117.5414,150,2020,35,15,385,4,8,SE,15.8,98,A Layer,14549.88928
FIDDLE-3,53.03512565,-117.5414,150,2020,1,0,20,4,3,BL,7,90,A Layer,2963.55169
FIDDLE-4,53.03482281,-117.5368,150,2020,35,15,385,4,8,SE,15.8,98,A Layer,25422.86643
FIDDLE-4,53.03482281,-117.5368,150,2020,10,1,320,5,6,BL,6.8,76,A Layer,4968.253148
FIDDLE-4,53.03482281,-117.5368,150,2020,1,0,20,4,3,BL,7,90,A Layer,25018.58386
FIDDLE-4,53.03482281,-117.5368,150,2020,,,,,,,,,,781.2442914
FIDDLE-4,53.03482281,-117.5368,150,2020,,,,,,,,,,13131.20806
FIDDLE-5,53.03556888,-117.5328,150,2020,35,15,510,4,8,SE,14.4,106,A Layer,53.63783876
FIDDLE-5,53.03556888,-117.5328,150,2020,50,30,740,4,9,SE,17.9,144,A Layer,2037.712492
FIDDLE-5,53.03556888,-117.5328,150,2020,35,15,385,4,8,SE,15.8,98,A Layer,13570.35265
FIDDLE-5,53.03556888,-117.5328,150,2020,10,4,235,5,8,SE,11.4,63,A Layer,21.87408948
FIDDLE-5,53.03556888,-117.5328,150,2020,10,1,320,5,6,BL,6.8,76,A Layer,39798.55907
FIDDLE-5,53.03556888,-117.5328,150,2020,1,0,20,4,3,BL,7,90,A Layer,7776.36144
FIDDLE-5,53.03556888,-117.5328,150,2020,1,0,20,4,3,BL,6,70,A Layer,1758.5298
FIDDLE-5,53.03556888,-117.5328,150,2020,,,,,,,,,,3248.48652
FIDDLE-6,53.03525498,-117.5286,150,2020,50,30,740,4,9,SE,17.9,144,A Layer,1295.148464
FIDDLE-6,53.03525498,-117.5286,150,2020,10,4,235,5,8,SE,11.4,63,A Layer,15630.2644
FIDDLE-6,53.03525498,-117.5286,150,2020,10,1,320,5,6,BL,6.8,76,A Layer,23684.18991
FIDDLE-6,53.03525498,-117.5286,150,2020,1,0,20,4,3,BL,6,70,A Layer,21896.9729
FIDDLE-6,53.03525498,-117.5286,150,2020,,,,,,,,,,327.0106489
FIDDLE-6,53.03525498,-117.5286,150,2020,,,,,,,,,,4373.02517
FIDDLE-6,53.03525498,-117.5286,150,2020,,,,,,,,,,2421.977579
FIDDLE-7,53.03396367,-117.5238,150,2020,10,4,235,5,8,SE,11.4,63,A Layer,1193.063716
FIDDLE-7,53.03396367,-117.5238,150,2020,1,0,20,4,3,BL,6,70,A Layer,11838.30266
FIDDLE-7,53.03396367,-117.5238,150,2020,,,,,,,,,,25196.20408
FIDDLE-7,53.03396367,-117.5238,150,2020,,,,,,,,,,51.15708343
FIDDLE-7,53.03396367,-117.5238,150,2020,,,,,,,,,,4047.853462
FIDDLE-7,53.03396367,-117.5238,150,2020,,,,,,,,,,28356.47809
FIDDLE-7,53.03396367,-117.5238,150,2020,,,,,,,,,,2.231382297
FIDDLE-8,53.03259691,-117.5198,150,2020,,,,,,,,,,16152.55533
FIDDLE-8,53.03259691,-117.5198,150,2020,,,,,,,,,,14117.85847
FIDDLE-8,53.03259691,-117.5198,150,2020,,,,,,,,,,37928.0901
FIDDLE-8,53.03259691,-117.5198,150,2020,,,,,,,,,,2486.856111
FIDDLE-9,53.03084568,-117.5153,150,2020,,,,,,,,,,16012.77194
FIDDLE-9,53.03084568,-117.5153,150,2020,,,,,,,,,,53912.71261
MAJESTIC-1,52.74993315,-118.2654,150,2020,3,0,73,1,3,BL,4,55,A Layer,22975.55805
MAJESTIC-1,52.74993315,-118.2654,150,2020,0,0,0,,,NA,0,0,,498.7082407
MAJESTIC-1,52.74993315,-118.2654,150,2020,0,0,0,,,NA,0,0,,30754.45823
MAJESTIC-1,52.74993315,-118.2654,150,2020,,,,,,,,,,16456.61104
MAJESTIC-10,52.73883451,-118.236,150,2020,1,0,35,2,1,BL,3.1,30,A Layer,70685.83471
MAJESTIC-2,52.7473159,-118.2638,150,2020,3,0,73,1,3,BL,4,55,A Layer,51153.73162
MAJESTIC-2,52.7473159,-118.2638,150,2020,28,2,537,2,8,BL,6,75,A Layer,14154.36011
MAJESTIC-2,52.7473159,-118.2638,150,2020,,,,,,,,,,5377.437549
MAJESTIC-3,52.74441962,-118.2622,150,2020,3,0,73,1,3,BL,4,55,A Layer,57859.83116
MAJESTIC-3,52.74441962,-118.2622,150,2020,23,2,504,3,8,BL,6.5,75,A Layer,7005.075323
MAJESTIC-3,52.74441962,-118.2622,150,2020,,,,,,,,,,5820.524942
MAJESTIC-4,52.7418069,-118.2602,150,2020,3,0,73,1,3,BL,4,55,A Layer,20550.1306
MAJESTIC-4,52.7418069,-118.2602,150,2020,23,2,504,3,8,BL,6.5,75,A Layer,106.1534792
MAJESTIC-4,52.7418069,-118.2602,150,2020,17,0,296,2,8,BL,5,65,A Layer,22440.64992
MAJESTIC-4,52.7418069,-118.2602,150,2020,12,1,255,2,8,BL,6,75,A Layer,23566.06617
MAJESTIC-4,52.7418069,-118.2602,150,2020,2,0,46,2,3,BL,3.5,45,A Layer,4022.117169
MAJESTIC-5,52.73915847,-118.2581,150,2020,17,0,296,2,8,BL,5,65,A Layer,11635.98909
MAJESTIC-5,52.73915847,-118.2581,150,2020,2,0,46,2,3,BL,3.5,45,A Layer,28538.54963
MAJESTIC-5,52.73915847,-118.2581,150,2020,37,2,782,2,8,BL,6,70,A Layer,28062.46425
MAJESTIC-5,52.73915847,-118.2581,150,2020,11,0,297,2,8,BL,6.1,75,A Layer,2448.242398
MAJESTIC-6,52.73740196,-118.2534,150,2020,17,0,296,2,8,BL,5,65,A Layer,15582.05089
MAJESTIC-6,52.73740196,-118.2534,150,2020,2,0,46,2,3,BL,3.5,45,A Layer,24427.98723
MAJESTIC-6,52.73740196,-118.2534,150,2020,37,2,782,2,8,BL,6,70,A Layer,5630.965586
MAJESTIC-6,52.73740196,-118.2534,150,2020,20,2,712,4,8,BL,6.2,71,A Layer,25044.32727
MAJESTIC-7,52.73672135,-118.2489,150,2020,3,0,73,1,3,BL,4,55,A Layer,49.17431492
MAJESTIC-7,52.73672135,-118.2489,150,2020,2,0,46,2,3,BL,3.5,45,A Layer,10859.44892
MAJESTIC-7,52.73672135,-118.2489,150,2020,19,1,337,2,8,BL,5,65,A Layer,14460.60877
MAJESTIC-7,52.73672135,-118.2489,150,2020,20,2,712,4,8,BL,6.2,71,A Layer,45316.299
MAJESTIC-8,52.73641842,-118.2443,150,2020,1,0,35,2,1,BL,3.1,30,A Layer,15237.4311
MAJESTIC-8,52.73641842,-118.2443,150,2020,15,0,350,3,9,BL,4.2,41,A Layer,8836.009175
MAJESTIC-8,52.73641842,-118.2443,150,2020,3,0,73,1,3,BL,4,55,A Layer,21070.10088
MAJESTIC-8,52.73641842,-118.2443,150,2020,20,2,712,4,8,BL,6.2,71,A Layer,14716.61707
MAJESTIC-9,52.73723206,-118.2413,150,2020,1,0,35,2,1,BL,3.1,30,A Layer,43890.06917
MAJESTIC-9,52.73723206,-118.2413,150,2020,15,0,350,3,9,BL,4.2,41,A Layer,1902.454157
MAJESTIC-9,52.73723206,-118.2413,150,2020,3,0,73,1,3,BL,4,55,A Layer,14067.65231
MUSHROOM-1,53.06593702,-118.0644,150,2020,50,42,375,4,9,SW,23.8,154,A Layer,461.1996873
MUSHROOM-1,53.06593702,-118.0644,150,2020,40,36,320,4,8,SW,23,160,A Layer,2763.771621
MUSHROOM-1,53.06593702,-118.0644,150,2020,45,35,785,4,8,SW,20.8,79,A Layer,540.1040677
MUSHROOM-1,53.06593702,-118.0644,150,2020,45,26,1350,4,9,SB,12.1,98,A Layer,4416.048084
MUSHROOM-1,53.06593702,-118.0644,150,2020,30,24,280,4,8,SW,19,100,A Layer,45190.1812
MUSHROOM-1,53.06593702,-118.0644,150,2020,5,2,50,4,3,SW,23.2,132,A Layer,7457.777052
MUSHROOM-1,53.06593702,-118.0644,150,2020,35,25,300,3,8,SW,17.8,87,A Layer,1220.223587
MUSHROOM-1,53.06593702,-118.0644,150,2020,,,,,,,,,,8635.868623
MUSHROOM-2,53.06382302,-118.0674,150,2020,45,35,785,4,8,SW,20.8,79,A Layer,3174.251899
MUSHROOM-2,53.06382302,-118.0674,150,2020,5,2,50,4,3,SW,23.2,132,A Layer,43389.5847
MUSHROOM-2,53.06382302,-118.0674,150,2020,5,2,15,4,3,SW,17,55,A Layer,23411.84558
MUSHROOM-2,53.06382302,-118.0674,150,2020,,,,,,,,,,709.4331303
MUSHROOM-3,53.06123796,-118.0693,150,2020,5,2,50,4,3,SW,23.2,132,A Layer,42371.67386
MUSHROOM-3,53.06123796,-118.0693,150,2020,55,45,475,4,9,SW,24.9,134,A Layer,1087.182646
MUSHROOM-3,53.06123796,-118.0693,150,2020,5,2,15,4,3,SW,17,55,A Layer,27226.28903
MUSHROOM-4,53.05912899,-118.0724,150,2020,5,2,50,4,3,SW,23.2,132,A Layer,3991.784113
MUSHROOM-4,53.05912899,-118.0724,150,2020,55,45,475,4,9,SW,24.9,134,A Layer,47353.38357
MUSHROOM-4,53.05912899,-118.0724,150,2020,2,0,10,4,3,SW,16,135,A Layer,3572.194337
MUSHROOM-4,53.05912899,-118.0724,150,2020,45,35,530,4,8,SW,20.9,98,A Layer,15342.16802
MUSHROOM-4,53.05912899,-118.0724,150,2020,,,,,,,,,,425.6506031
MUSHROOM-5,53.05649699,-118.0757,150,2020,2,0,10,4,3,SW,16,135,A Layer,4992.192313
MUSHROOM-5,53.05649699,-118.0757,150,2020,45,35,530,4,8,SW,20.9,98,A Layer,33501.85093
MUSHROOM-5,53.05649699,-118.0757,150,2020,10,8,120,4,8,SW,19,140,A Layer,15292.21534
MUSHROOM-5,53.05649699,-118.0757,150,2020,40,30,600,5,8,SW,19,110,A Layer,815.1843995
MUSHROOM-5,53.05649699,-118.0757,150,2020,,,,,,,,,,15900.39566
MUSHROOM-5,53.05649699,-118.0757,150,2020,,,,,,,,,,39.27587753
MUSHROOM-6,53.05637101,-118.0823,150,2020,20,15,225,4,6,SW,17,95,A Layer,27862.53376
MUSHROOM-6,53.05637101,-118.0823,150,2020,10,8,120,4,8,SW,19,140,A Layer,10989.06056
MUSHROOM-6,53.05637101,-118.0823,150,2020,40,30,600,5,8,SW,19,110,A Layer,17152.43781
MUSHROOM-6,53.05637101,-118.0823,150,2020,,,,,,,,,,14681.27215
MUSHROOM-7,53.05832701,-118.0789,150,2020,20,15,225,4,6,SW,17,95,A Layer,32354.22595
MUSHROOM-7,53.05832701,-118.0789,150,2020,2,0,10,4,3,SW,16,135,A Layer,6452.322163
MUSHROOM-7,53.05832701,-118.0789,150,2020,45,35,530,4,8,SW,20.9,98,A Layer,2532.168705
MUSHROOM-7,53.05832701,-118.0789,150,2020,10,2,235,4,3,SW,6.1,50,A Layer,8771.204355
MUSHROOM-7,53.05832701,-118.0789,150,2020,,,,,,,,,,4581.32067
MUSHROOM-7,53.05832701,-118.0789,150,2020,,,,,,,,,,15849.79938
MUSHROOM-8,53.06098198,-118.0775,150,2020,20,15,225,4,6,SW,17,95,A Layer,20742.53817
MUSHROOM-8,53.06098198,-118.0775,150,2020,2,0,10,4,3,SW,16,135,A Layer,10638.59997
MUSHROOM-8,53.06098198,-118.0775,150,2020,10,2,235,4,3,SW,6.1,50,A Layer,7.685395694
MUSHROOM-8,53.06098198,-118.0775,150,2020,,,,,,,,,,12634.96148
MUSHROOM-8,53.06098198,-118.0775,150,2020,,,,,,,,,,26661.58495
MUSHROOM-9,53.06283102,-118.0739,150,2020,20,15,225,4,6,SW,17,95,A Layer,21915.03013
MUSHROOM-9,53.06283102,-118.0739,150,2020,55,45,475,4,9,SW,24.9,134,A Layer,20135.09761
MUSHROOM-9,53.06283102,-118.0739,150,2020,5,2,15,4,3,SW,17,55,A Layer,644.6976422
MUSHROOM-9,53.06283102,-118.0739,150,2020,2,0,10,4,3,SW,16,135,A Layer,27257.88427
MUSHROOM-9,53.06283102,-118.0739,150,2020,,,,,,,,,,732.8165102
OPAL-1,52.74501557,-117.614,150,2020,10,0,220,3,8,BL,4,30,A Layer,246.5872205
OPAL-1,52.74501557,-117.614,150,2020,10,1,180,4,8,BL,5.2,45,A Layer,19806.79598
OPAL-1,52.74501557,-117.614,150,2020,35,30,315,4,8,SE,23.6,207,A Layer,16563.52913
OPAL-1,52.74501557,-117.614,150,2020,50,7,2000,2,8,SE,5.6,40,A Layer,18358.25921
OPAL-1,52.74501557,-117.614,150,2020,50,35,755,4,9,SE,20,172,A Layer,929.1779988
OPAL-1,52.74501557,-117.614,150,2020,,,,,,,,,,14646.54701
OPAL-10,52.74553207,-117.6236,150,2020,30,28,330,4,8,SE,22.7,147,A Layer,50010.21008
OPAL-10,52.74553207,-117.6236,150,2020,45,40,365,4,8,SE,25.8,176,A Layer,6217.271467
OPAL-10,52.74553207,-117.6236,150,2020,30,30,240,4,8,SE,27.1,234,A Layer,10091.72696
OPAL-10,52.74553207,-117.6236,150,2020,40,35,465,4,8,SE,25.7,222,A Layer,1658.07533
OPAL-10,52.74553207,-117.6236,150,2020,10,8,160,4,6,PLI,18.8,105,A Layer,108.3415378
OPAL-10,52.74553207,-117.6236,150,2020,25,15,255,3,8,PLI,23.6,148,A Layer,2523.383829
OPAL-2,52.74313476,-117.6109,150,2020,1,0,10,3,3,BL,3,70,A Layer,1668.622039
OPAL-2,52.74313476,-117.6109,150,2020,10,1,180,4,8,BL,5.2,45,A Layer,33223.50528
OPAL-2,52.74313476,-117.6109,150,2020,35,30,315,4,8,SE,23.6,207,A Layer,17112.53072
OPAL-2,52.74313476,-117.6109,150,2020,23,5,525,5,6,BL,6.7,44,A Layer,7991.658119
OPAL-2,52.74313476,-117.6109,150,2020,50,7,2000,2,8,SE,5.6,40,A Layer,10554.84358
OPAL-3,52.74895314,-117.6123,150,2020,10,0,220,3,8,BL,4,30,A Layer,6507.492808
OPAL-3,52.74895314,-117.6123,150,2020,1,0,10,1,3,BL,3,25,A Layer,54276.02213
OPAL-3,52.74895314,-117.6123,150,2020,5,1,125,5,8,BL,7,150,A Layer,629.9079909
OPAL-3,52.74895314,-117.6123,150,2020,1,0,10,3,3,BL,2.5,65,A Layer,9253.310474
OPAL-4,52.75143435,-117.614,150,2020,10,0,220,3,8,BL,4,30,A Layer,4725.203839
OPAL-4,52.75143435,-117.614,150,2020,1,0,10,1,3,BL,3,25,A Layer,39633.7056
OPAL-4,52.75143435,-117.614,150,2020,10,0,70,3,8,BL,4.7,31,A Layer,5286.735725
OPAL-4,52.75143435,-117.614,150,2020,1,0,10,1,3,BL,2.5,25,A Layer,13255.88397
OPAL-4,52.75143435,-117.614,150,2020,1,0,15,1,3,BL,2,25,A Layer,1153.52728
OPAL-4,52.75143435,-117.614,150,2020,,,,,,,,,,6611.733852
OPAL-5,52.7537931,-117.6168,150,2020,1,0,10,1,3,BL,3,25,A Layer,12500.53081
OPAL-5,52.7537931,-117.6168,150,2020,10,0,70,3,8,BL,4.7,31,A Layer,24668.73408
OPAL-5,52.7537931,-117.6168,150,2020,10,0,80,1,8,BL,2.5,25,A Layer,6320.349385
OPAL-5,52.7537931,-117.6168,150,2020,1,0,10,1,3,BL,2.5,25,A Layer,27195.82808
OPAL-6,52.75581457,-117.6205,150,2020,1,0,10,1,3,BL,3,25,A Layer,7177.121453
OPAL-6,52.75581457,-117.6205,150,2020,7,1,125,5,6,BL,7.1,50,A Layer,11412.29262
OPAL-6,52.75581457,-117.6205,150,2020,10,0,70,3,8,BL,4.7,31,A Layer,7463.141757
OPAL-6,52.75581457,-117.6205,150,2020,35,0,1080,1,8,BL,4.1,25,B Layer,25338.89658
OPAL-6,52.75581457,-117.6205,150,2020,20,15,225,4,8,BL,14.8,116,A Layer,7878.497801
OPAL-6,52.75581457,-117.6205,150,2020,10,0,80,1,8,BL,2.5,25,A Layer,11415.44032
OPAL-7,52.7538636,-117.624,150,2020,30,2,825,3,8,BL,6.1,35,A Layer,3947.751424
OPAL-7,52.7538636,-117.624,150,2020,20,15,225,4,8,BL,14.8,116,A Layer,28526.36796
OPAL-7,52.7538636,-117.624,150,2020,35,30,475,4,9,SE,20.5,145,A Layer,7451.476781
OPAL-7,52.7538636,-117.624,150,2020,35,35,475,4,8,SE,22.8,134,A Layer,6543.797214
OPAL-7,52.7538636,-117.624,150,2020,40,35,450,4,8,SE,25.9,178,A Layer,372.1489622
OPAL-7,52.7538636,-117.624,150,2020,35,30,450,4,9,SE,19.8,138,A Layer,23843.71332
OPAL-8,52.75056448,-117.6222,150,2020,30,28,330,4,8,SE,22.7,147,A Layer,4670.221657
OPAL-8,52.75056448,-117.6222,150,2020,45,40,365,4,8,SE,25.8,176,A Layer,25483.43039
OPAL-8,52.75056448,-117.6222,150,2020,30,2,825,3,8,BL,6.1,35,A Layer,22561.1672
OPAL-8,52.75056448,-117.6222,150,2020,50,35,755,4,9,SE,20,172,A Layer,2417.599984
OPAL-8,52.75056448,-117.6222,150,2020,35,30,450,4,9,SE,19.8,138,A Layer,15292.15988
OPAL-9,52.7479422,-117.6217,150,2020,30,28,330,4,8,SE,22.7,147,A Layer,16590.28324
OPAL-9,52.7479422,-117.6217,150,2020,45,40,365,4,8,SE,25.8,176,A Layer,35236.76458
OPAL-9,52.7479422,-117.6217,150,2020,50,35,755,4,9,SE,20,172,A Layer,18521.25153
POBOKTAN-1,52.39019914,-117.1802,150,2020,1,0,21,4,3,BL,5,60,A Layer,22527.34776
POBOKTAN-1,52.39019914,-117.1802,150,2020,1,0,11,3,3,BL,9,100,A Layer,1463.799669
POBOKTAN-1,52.39019914,-117.1802,150,2020,,,,,,,,,,46694.18672
POBOKTAN-10,52.38189066,-117.1416,150,2020,1,0,28,3,3,BL,5,70,A Layer,55055.48044
POBOKTAN-10,52.38189066,-117.1416,150,2020,,,,,,,,,,15629.81967
POBOKTAN-2,52.38869442,-117.1765,150,2020,1,0,21,4,3,BL,5,60,A Layer,31131.19049
POBOKTAN-2,52.38869442,-117.1765,150,2020,,,,,,,,,,39554.04013
POBOKTAN-3,52.38642468,-117.1732,150,2020,1,0,21,4,3,BL,5,60,A Layer,27016.25302
POBOKTAN-3,52.38642468,-117.1732,150,2020,,,,,,,,,,43668.88949
POBOKTAN-4,52.38614372,-117.1686,150,2020,1,0,42,3,3,BL,6,80,A Layer,56382.07427
POBOKTAN-4,52.38614372,-117.1686,150,2020,,,,,,,,,,14303.19655
POBOKTAN-5,52.38628495,-117.1641,150,2020,1,0,28,3,3,BL,5,70,A Layer,2901.594155
POBOKTAN-5,52.38628495,-117.1641,150,2020,1,0,42,3,3,BL,6,80,A Layer,66987.77397
POBOKTAN-5,52.38628495,-117.1641,150,2020,,,,,,,,,,795.7151106
POBOKTAN-6,52.38533814,-117.1596,150,2020,1,0,28,3,3,BL,5,70,A Layer,59662.94242
POBOKTAN-6,52.38533814,-117.1596,150,2020,1,0,42,3,3,BL,6,80,A Layer,11022.46998
POBOKTAN-7,52.38491284,-117.1548,150,2020,1,0,28,3,3,BL,5,70,A Layer,70350.31353
POBOKTAN-7,52.38491284,-117.1548,150,2020,1,0,42,3,3,BL,6,80,A Layer,335.2763575
POBOKTAN-8,52.38404715,-117.1499,150,2020,1,0,28,3,3,BL,5,70,A Layer,70685.83471
POBOKTAN-9,52.38297335,-117.1458,150,2020,1,0,28,3,3,BL,5,70,A Layer,67692.99341
POBOKTAN-9,52.38297335,-117.1458,150,2020,,,,,,,,,,2992.297468
PYRAMID-1,52.90577721,-118.0877,150,2020,45,25,698,3,8,AT,20.2,98,A Layer,42061.14443
PYRAMID-1,52.90577721,-118.0877,150,2020,35,21,400,3,8,AT,22.2,85,A Layer,28213.18652
PYRAMID-1,52.90577721,-118.0877,150,2020,3,2,35,3,3,AT,23.1,90,A Layer,410.9739545
PYRAMID-10,52.91838745,-118.0642,150,2020,25,17,275,4,8,PLI,21.3,135,A Layer,8157.56357
PYRAMID-10,52.91838745,-118.0642,150,2020,40,35,525,3,8,FDI,26.4,173,A Layer,33772.74563
PYRAMID-10,52.91838745,-118.0642,150,2020,25,15,216,3,8,FDI,23.9,149,A Layer,9481.058568
PYRAMID-10,52.91838745,-118.0642,150,2020,37,15,405,4,8,PLI,21.8,146,A Layer,8081.092008
PYRAMID-10,52.91838745,-118.0642,150,2020,40,46,450,4,8,FDI,28.5,209,A Layer,10634.77716
PYRAMID-10,52.91838745,-118.0642,150,2020,40,30,543,4,8,FDI,25.8,177,A Layer,0.00511141
PYRAMID-10,52.91838745,-118.0642,150,2020,45,38,545,4,8,SW,24.2,142,A Layer,558.1138964
PYRAMID-2,52.90854416,-118.0869,150,2020,35,20,380,3,8,AT,22.2,122,A Layer,77.41447873
PYRAMID-2,52.90854416,-118.0869,150,2020,45,25,698,3,8,AT,20.2,98,A Layer,52583.58959
PYRAMID-2,52.90854416,-118.0869,150,2020,45,32,675,4,8,SW,20.2,109,A Layer,1704.714534
PYRAMID-2,52.90854416,-118.0869,150,2020,15,8,144,3,8,AT,20.2,98,A Layer,16319.49465
PYRAMID-3,52.91173037,-118.0885,150,2022,40,18,507,3,8,AT,20.7,105,A Layer,43523.27586
PYRAMID-3,52.91173037,-118.0885,150,2020,25,17,275,3,8,AT,21.9,116,A Layer,15823.05544
PYRAMID-3,52.91173037,-118.0885,150,2020,45,25,698,3,8,AT,20.2,98,A Layer,10043.72908
PYRAMID-3,52.91173037,-118.0885,150,2020,45,32,675,4,8,SW,20.2,109,A Layer,287.415728
PYRAMID-4,52.91401327,-118.0866,150,2020,30,18,450,3,8,PLI,18.4,127,A Layer,26238.34014
PYRAMID-4,52.91401327,-118.0866,150,2022,40,18,507,3,8,AT,20.7,105,A Layer,14879.03739
PYRAMID-4,52.91401327,-118.0866,150,2020,5,2,70,4,8,AT,17.3,86,A Layer,4093.466734
PYRAMID-4,52.91401327,-118.0866,150,2020,25,17,275,3,8,AT,21.9,116,A Layer,22707.17551
PYRAMID-4,52.91401327,-118.0866,150,2020,,,,,,,,,,1759.449537
PYRAMID-5,52.91377002,-118.0817,150,2020,30,18,450,3,8,PLI,18.4,127,A Layer,3832.904414
PYRAMID-5,52.91377002,-118.0817,150,2020,30,15,495,3,8,SW,16.3,104,B Layer,4323.173823
PYRAMID-5,52.91377002,-118.0817,150,2020,5,2,70,4,8,AT,17.3,86,A Layer,19463.65351
PYRAMID-5,52.91377002,-118.0817,150,2020,25,17,275,3,8,AT,21.9,116,A Layer,3355.880259
PYRAMID-5,52.91377002,-118.0817,150,2020,15,8,153,3,8,SW,22.1,108,A Layer,15485.07592
PYRAMID-5,52.91377002,-118.0817,150,2020,35,20,405,3,8,PLI,19.2,110,A Layer,15390.0239
PYRAMID-5,52.91377002,-118.0817,150,2020,,,,,,,,,,8834.627916
PYRAMID-6,52.91230353,-118.0779,150,2020,10,10,135,3,8,PLI,20.7,127,A Layer,14319.74028
PYRAMID-6,52.91230353,-118.0779,150,2020,40,40,495,4,8,FDI,27.2,183,A Layer,20544.76597
PYRAMID-6,52.91230353,-118.0779,150,2020,15,8,153,3,8,SW,22.1,108,A Layer,16012.05799
PYRAMID-6,52.91230353,-118.0779,150,2020,8,3,126,3,8,AT,18.6,112,A Layer,15137.03356
PYRAMID-6,52.91230353,-118.0779,150,2020,35,20,405,3,8,PLI,19.2,110,A Layer,1012.157969
PYRAMID-6,52.91230353,-118.0779,150,2020,35,20,380,3,8,AT,22.2,122,A Layer,3571.571316
PYRAMID-7,52.91329393,-118.0738,150,2020,45,30,510,4,8,FDI,24.5,156,A Layer,22654.90302
PYRAMID-7,52.91329393,-118.0738,150,2020,10,10,135,3,8,PLI,20.7,127,A Layer,928.5738999
PYRAMID-7,52.91329393,-118.0738,150,2020,40,36,350,4,8,FDI,23.3,148,A Layer,16469.6212
PYRAMID-7,52.91329393,-118.0738,150,2020,40,40,495,4,8,FDI,27.2,183,A Layer,22172.80793
PYRAMID-7,52.91329393,-118.0738,150,2020,8,3,126,3,8,AT,18.6,112,A Layer,5220.407656
PYRAMID-7,52.91329393,-118.0738,150,2020,1,1,11,3,8,FDI,17,120,A Layer,1108.161779
PYRAMID-7,52.91329393,-118.0738,150,2020,35,21,383,3,8,PLI,21,100,A Layer,1778.981245
PYRAMID-7,52.91329393,-118.0738,150,2020,,,,,,,,,,263.831494
PYRAMID-8,52.91309444,-118.069,150,2020,20,15,180,4,8,FDI,26.6,172,A Layer,1955.012775
PYRAMID-8,52.91309444,-118.069,150,2020,40,36,350,4,8,FDI,23.3,148,A Layer,45139.9302
PYRAMID-8,52.91309444,-118.069,150,2020,1,1,11,3,8,FDI,17,120,A Layer,7937.083615
PYRAMID-8,52.91309444,-118.069,150,2020,,,,,,,,,,15653.18297
PYRAMID-9,52.91561128,-118.065,150,2020,40,30,543,4,8,FDI,25.8,177,A Layer,29715.09911
PYRAMID-9,52.91561128,-118.065,150,2020,45,38,545,4,8,SW,24.2,142,A Layer,25768.15824
PYRAMID-9,52.91561128,-118.065,150,2020,20,15,180,4,8,FDI,26.6,172,A Layer,15201.93563
SULPHUR-1,53.11740367,-117.7688,150,2020,55,35,685,3,9,SX,19.9,167,A Layer,19226.017
SULPHUR-1,53.11740367,-117.7688,150,2020,45,20,650,4,8,SX,14.2,124,A Layer,12812.97777
SULPHUR-1,53.11740367,-117.7688,150,2020,60,35,1025,3,9,SX,19.4,144,A Layer,7254.89316
SULPHUR-1,53.11740367,-117.7688,150,2020,55,35,725,3,8,SX,20.7,187,A Layer,28645.16631
SULPHUR-1,53.11740367,-117.7688,150,2020,60,40,950,3,9,SX,20.7,175,A Layer,2746.252793
SULPHUR-2,53.11545504,-117.7657,150,2020,55,35,725,3,8,SX,20.7,187,A Layer,19477.10905
SULPHUR-2,53.11545504,-117.7657,150,2020,60,40,950,3,9,SX,20.7,175,A Layer,22559.8996
SULPHUR-2,53.11545504,-117.7657,150,2020,55,30,875,3,8,SX,16.4,126,A Layer,28648.23135
SULPHUR-3,53.11404336,-117.7616,150,2020,45,25,650,4,8,SX,16.6,166,A Layer,2631.751429
SULPHUR-3,53.11404336,-117.7616,150,2020,60,40,950,3,9,SX,20.7,175,A Layer,37137.64368
SULPHUR-3,53.11404336,-117.7616,150,2020,55,30,875,3,8,SX,16.4,126,A Layer,19756.10756
SULPHUR-3,53.11404336,-117.7616,150,2020,40,5,850,4,8,AT,8.3,55,A Layer,199.0112233
SULPHUR-3,53.11404336,-117.7616,150,2020,,,,,,,,,,2312.85421
SULPHUR-3,53.11404336,-117.7616,150,2020,,,,,,,,,,7948.719104
SULPHUR-4,53.11272724,-117.7579,150,2020,60,40,950,3,9,SX,20.7,175,A Layer,23214.91488
SULPHUR-4,53.11272724,-117.7579,150,2020,40,5,850,4,8,AT,8.3,55,A Layer,17946.68222
SULPHUR-4,53.11272724,-117.7579,150,2020,60,35,1250,3,9,PLI,16.9,100,A Layer,12773.28035
SULPHUR-4,53.11272724,-117.7579,150,2020,45,15,850,3,8,PLI,13.2,100,A Layer,5949.992114
SULPHUR-4,53.11272724,-117.7579,150,2020,40,30,550,3,8,SX,21.2,196,A Layer,2623.205039
SULPHUR-4,53.11272724,-117.7579,150,2020,,,,,,,,,,7477.841299
SULPHUR-5,53.11099,-117.754,150,2020,60,35,1250,3,9,PLI,16.9,100,A Layer,1488.927751
SULPHUR-5,53.11099,-117.754,150,2020,40,30,550,3,8,SX,21.2,196,A Layer,41074.99019
SULPHUR-5,53.11099,-117.754,150,2020,40,30,650,3,8,SX,20,174,A Layer,371.4711602
SULPHUR-5,53.11099,-117.754,150,2020,60,35,950,3,8,SX,20.2,172,A Layer,10633.23093
SULPHUR-5,53.11099,-117.754,150,2020,,,,,,,,,,5758.035742
SULPHUR-5,53.11099,-117.754,150,2020,,,,,,,,,,9915.054698
SULPHUR-6,53.11007973,-117.7501,150,2020,50,40,520,4,9,SX,23.7,198,A Layer,10.44325749
SULPHUR-6,53.11007973,-117.7501,150,2020,40,30,650,3,8,SX,20,174,A Layer,13980.13988
SULPHUR-6,53.11007973,-117.7501,150,2020,60,35,950,3,8,SX,20.2,172,A Layer,32639.31664
SULPHUR-6,53.11007973,-117.7501,150,2020,,,,,,,,,,3418.014241
SULPHUR-6,53.11007973,-117.7501,150,2020,,,,,,,,,,13957.77788
SULPHUR-6,53.11007973,-117.7501,150,2020,,,,,,,,,,746.1119762
SULPHUR-6,53.11007973,-117.7501,150,2020,,,,,,,,,,4489.939516
SULPHUR-7,53.10938847,-117.7457,150,2020,40,35,630,4,8,SX,22.2,176,A Layer,9155.75007
SULPHUR-7,53.10938847,-117.7457,150,2020,50,40,520,4,9,SX,23.7,198,A Layer,33295.90717
SULPHUR-7,53.10938847,-117.7457,150,2020,65,36,720,3,9,SX,18.7,84,A Layer,29.07635316
SULPHUR-7,53.10938847,-117.7457,150,2020,65,35,1170,4,8,SX,17.7,105,A Layer,9315.22166
SULPHUR-7,53.10938847,-117.7457,150,2020,60,35,950,3,8,SX,20.2,172,A Layer,11462.30671
SULPHUR-7,53.10938847,-117.7457,150,2020,45,35,550,3,8,SX,23.2,196,A Layer,7311.241948
SULPHUR-7,53.10938847,-117.7457,150,2020,,,,,,,,,,115.7860084
SULPHUR-8,53.10872446,-117.7412,150,2020,50,40,520,4,9,SX,23.7,198,A Layer,32114.56071
SULPHUR-8,53.10872446,-117.7412,150,2020,65,36,720,3,9,SX,18.7,84,A Layer,19296.20461
SULPHUR-8,53.10872446,-117.7412,150,2020,65,35,1170,4,8,SX,17.7,105,A Layer,8288.09232
SULPHUR-8,53.10872446,-117.7412,150,2020,40,40,520,4,8,SX,22.8,154,A Layer,10986.46645
SULPHUR-9,53.10779843,-117.7369,150,2020,20,1,345,3,8,PLI,18.3,90,A Layer,8902.639561
SULPHUR-9,53.10779843,-117.7369,150,2020,45,25,650,3,8,SX,19.8,90,A Layer,158.2008621
SULPHUR-9,53.10779843,-117.7369,150,2020,50,40,520,4,9,SX,23.7,198,A Layer,1480.797898
SULPHUR-9,53.10779843,-117.7369,150,2020,65,36,720,3,9,SX,18.7,84,A Layer,7677.505593
SULPHUR-9,53.10779843,-117.7369,150,2020,40,40,520,4,8,SX,22.8,154,A Layer,26127.08216
SULPHUR-9,53.10779843,-117.7369,150,2020,70,25,1800,1,9,PLI,12.3,80,A Layer,8157.243948
SULPHUR-9,53.10779843,-117.7369,150,2020,60,25,1240,4,9,SX,15.2,64,A Layer,3705.103812
SULPHUR-9,53.10779843,-117.7369,150,2020,55,40,620,4,9,SX,22.3,137,A Layer,12078.5155
SULPHUR-9,53.10779843,-117.7369,150,2020,60,45,830,4,9,SX,23,140,A Layer,1768.17764
SULPHUR-9,53.10779843,-117.7369,150,2020,45,35,815,3,9,SX,20.8,130,A Layer,630.0012692
SUNWAPTA-1,52.52920252,-117.6404,150,2020,30,20,310,3,6,PLI,22.4,140,A Layer,2725.243095
SUNWAPTA-1,52.52920252,-117.6404,150,2020,45,15,825,3,8,SB,11,90,A Layer,26.21752873
SUNWAPTA-1,52.52920252,-117.6404,150,2020,25,15,245,3,6,PLI,21.8,140,A Layer,30468.60377
SUNWAPTA-1,52.52920252,-117.6404,150,2020,60,25,1450,2,9,SB,12.4,100,A Layer,15254.37787
SUNWAPTA-1,52.52920252,-117.6404,150,2020,20,15,240,3,8,PLI,21.2,140,A Layer,21546.7148
SUNWAPTA-1,52.52920252,-117.6404,150,2020,20,3,450,4,8,SB,8.9,66,A Layer,30.07703976
SUNWAPTA-1,52.52920252,-117.6404,150,2020,20,15,325,2,8,SX,19.7,139,A Layer,634.0594189
SUNWAPTA-10,52.50596437,-117.6467,150,2022,25,20,300,3,8,PLI,22.1,182,A Layer,26856.84672
SUNWAPTA-10,52.50596437,-117.6467,150,2020,25,10,300,3,6,PLI,17.9,140,A Layer,43828.40185
SUNWAPTA-2,52.52667697,-117.642,150,2020,25,15,245,3,6,PLI,21.8,140,A Layer,6080.227957
SUNWAPTA-2,52.52667697,-117.642,150,2020,60,25,1450,2,9,SB,12.4,100,A Layer,13842.38696
SUNWAPTA-2,52.52667697,-117.642,150,2020,20,15,240,3,8,PLI,21.2,140,A Layer,22057.60255
SUNWAPTA-2,52.52667697,-117.642,150,2020,20,3,450,4,8,SB,8.9,66,A Layer,7899.212405
SUNWAPTA-2,52.52667697,-117.642,150,2020,15,10,115,3,8,PLI,21.4,147,A Layer,20805.82124
SUNWAPTA-3,52.52397163,-117.6435,150,2020,60,25,1450,2,9,SB,12.4,100,A Layer,50.22896326
SUNWAPTA-3,52.52397163,-117.6435,150,2020,15,2,240,4,8,SB,8.3,81,A Layer,2143.162521
SUNWAPTA-3,52.52397163,-117.6435,150,2020,15,10,115,3,8,PLI,21.4,147,A Layer,28660.06076
SUNWAPTA-3,52.52397163,-117.6435,150,2020,55,20,1350,2,8,SB,11,70,A Layer,9281.133774
SUNWAPTA-3,52.52397163,-117.6435,150,2020,15,8,135,2,8,PLI,18.9,140,A Layer,26087.13763
SUNWAPTA-3,52.52397163,-117.6435,150,2020,35,15,375,3,8,PLI,17.1,126,A Layer,4463.664762
SUNWAPTA-4,52.52158564,-117.6458,150,2020,55,20,1350,2,8,SB,11,70,A Layer,41090.34536
SUNWAPTA-4,52.52158564,-117.6458,150,2020,45,20,650,3,8,SW,15.7,107,A Layer,5431.766082
SUNWAPTA-4,52.52158564,-117.6458,150,2020,30,10,450,3,8,SB,11.3,80,A Layer,17885.2542
SUNWAPTA-4,52.52158564,-117.6458,150,2020,35,15,375,2,8,PLI,19.1,130,A Layer,5123.182444
SUNWAPTA-4,52.52158564,-117.6458,150,2020,1,0,15,3,3,SB,7,80,A Layer,1154.648267
SUNWAPTA-5,52.51952872,-117.6487,150,2020,45,20,650,3,8,SW,15.7,107,A Layer,1628.612721
SUNWAPTA-5,52.51952872,-117.6487,150,2020,40,15,725,4,8,SB,12.7,107,A Layer,14542.63438
SUNWAPTA-5,52.51952872,-117.6487,150,2020,40,25,650,2,8,SW,18.4,120,A Layer,20813.56124
SUNWAPTA-5,52.51952872,-117.6487,150,2020,20,20,205,3,6,SW,21.2,172,A Layer,17346.10508
SUNWAPTA-5,52.51952872,-117.6487,150,2020,35,15,375,2,8,PLI,19.1,130,A Layer,12894.47811
SUNWAPTA-5,52.51952872,-117.6487,150,2020,20,10,300,2,6,PLI,18,140,A Layer,3459.905755
SUNWAPTA-6,52.51681088,-117.6492,150,2020,40,15,725,4,8,SB,12.7,107,A Layer,14830.63771
SUNWAPTA-6,52.51681088,-117.6492,150,2020,40,15,900,2,8,SW,13,70,A Layer,21963.79832
SUNWAPTA-6,52.51681088,-117.6492,150,2020,20,20,205,3,6,SW,21.2,172,A Layer,33890.91899
SUNWAPTA-7,52.51386984,-117.6495,150,2020,40,15,900,2,8,SW,13,70,A Layer,13629.08276
SUNWAPTA-7,52.51386984,-117.6495,150,2020,20,20,205,3,6,SW,21.2,172,A Layer,42601.88093
SUNWAPTA-7,52.51386984,-117.6495,150,2020,15,4,185,4,6,SB,13,100,A Layer,14220.01217
SUNWAPTA-7,52.51386984,-117.6495,150,2020,25,10,300,3,8,PLI,18.4,140,A Layer,234.5265166
SUNWAPTA-8,52.51134303,-117.6479,150,2020,20,20,205,3,6,SW,21.2,172,A Layer,8104.980943
SUNWAPTA-8,52.51134303,-117.6479,150,2020,25,10,300,3,8,PLI,18.4,140,A Layer,52491.98262
SUNWAPTA-8,52.51134303,-117.6479,150,2020,35,20,375,3,8,PLI,21.3,150,A Layer,10088.4777
SUNWAPTA-9,52.50861942,-117.6478,150,2022,25,20,300,3,8,PLI,22.1,182,A Layer,9992.145429
SUNWAPTA-9,52.50861942,-117.6478,150,2020,25,10,300,3,8,PLI,18.4,140,A Layer,2881.258904
SUNWAPTA-9,52.50861942,-117.6478,150,2020,35,20,375,3,8,PLI,21.3,150,A Layer,41562.18404
SUNWAPTA-9,52.50861942,-117.6478,150,2020,25,10,300,3,6,PLI,17.9,140,A Layer,16249.77291
TEKARRA-1,52.86128506,-118.0599,150,2020,45,20,750,4,9,SW,15.3,92,A Layer,261.5031511
TEKARRA-1,52.86128506,-118.0599,150,2020,1,0,20,4,1,SB,9.6,90,A Layer,21333.30393
TEKARRA-1,52.86128506,-118.0599,150,2020,10,2,225,5,9,SW,10.8,52,A Layer,35471.2691
TEKARRA-1,52.86128506,-118.0599,150,2020,50,27,925,4,9,SW,17.2,110,A Layer,8544.270376
TEKARRA-1,52.86128506,-118.0599,150,2020,25,10,400,4,9,SW,13.8,82,A Layer,1137.881188
TEKARRA-1,52.86128506,-118.0599,150,2020,45,20,725,3,9,PLI,17.3,110,A Layer,1790.562634
TEKARRA-1,52.86128506,-118.0599,150,2020,10,2,230,4,8,SB,9.6,90,A Layer,2146.428477
TEKARRA-10,52.85945294,-118.0424,150,2020,40,20,725,3,8,AT,17,91,A Layer,25518.73677
TEKARRA-10,52.85945294,-118.0424,150,2020,10,5,160,3,8,AT,17.2,94,A Layer,45166.62011
TEKARRA-2,52.86022928,-118.0553,150,2020,40,20,725,3,8,AT,17,91,A Layer,1343.143905
TEKARRA-2,52.86022928,-118.0553,150,2020,35,15,500,5,9,SW,16.2,98,A Layer,15164.21025
TEKARRA-2,52.86022928,-118.0553,150,2020,10,2,225,5,9,SW,10.8,52,A Layer,25202.75723
TEKARRA-2,52.86022928,-118.0553,150,2020,50,27,925,4,9,SW,17.2,110,A Layer,8964.928935
TEKARRA-2,52.86022928,-118.0553,150,2020,5,1,75,4,3,SW,15,87,A Layer,10.86773165
TEKARRA-2,52.86022928,-118.0553,150,2020,5,1,115,4,1,SB,9.8,110,A Layer,3870.66684
TEKARRA-2,52.86022928,-118.0553,150,2020,45,20,725,3,9,PLI,17.3,110,A Layer,8374.293945
TEKARRA-2,52.86022928,-118.0553,150,2020,10,8,150,4,9,PLI,17.3,110,A Layer,6148.490679
TEKARRA-2,52.86022928,-118.0553,150,2020,5,1,95,4,3,SW,14.8,83,A Layer,1507.038171
TEKARRA-3,52.86008871,-118.0509,150,2020,40,20,725,3,8,AT,17,91,A Layer,30.97076692
TEKARRA-3,52.86008871,-118.0509,150,2020,35,15,500,5,9,SW,16.2,98,A Layer,3390.57805
TEKARRA-3,52.86008871,-118.0509,150,2020,5,1,75,4,3,SW,15,87,A Layer,28284.85939
TEKARRA-3,52.86008871,-118.0509,150,2020,55,23,950,3,8,AT,17.1,92,A Layer,11020.71785
TEKARRA-3,52.86008871,-118.0509,150,2020,5,1,115,4,1,SB,9.8,110,A Layer,22836.18792
TEKARRA-3,52.86008871,-118.0509,150,2020,45,20,725,3,9,PLI,17.3,110,A Layer,3760.709831
TEKARRA-3,52.86008871,-118.0509,150,2020,10,8,150,4,9,PLI,17.3,110,A Layer,1034.734163
TEKARRA-4,52.85796331,-118.0483,150,2020,5,1,75,4,3,SW,15,87,A Layer,8771.010767
TEKARRA-4,52.85796331,-118.0483,150,2020,55,23,950,3,8,AT,17.1,92,A Layer,13067.11134
TEKARRA-4,52.85796331,-118.0483,150,2020,5,1,90,3,1,AT,15.9,90,A Layer,6824.099722
TEKARRA-4,52.85796331,-118.0483,150,2020,5,1,115,4,1,SB,9.8,110,A Layer,23026.8429
TEKARRA-4,52.85796331,-118.0483,150,2020,45,20,725,3,9,PLI,17.3,110,A Layer,767.1145331
TEKARRA-4,52.85796331,-118.0483,150,2020,10,8,150,4,9,PLI,17.3,110,A Layer,1149.684297
TEKARRA-4,52.85796331,-118.0483,150,2020,5,1,95,4,3,SW,14.8,83,A Layer,3462.982805
TEKARRA-4,52.85796331,-118.0483,150,2020,50,30,950,4,9,SW,17.3,111,A Layer,13388.87903
TEKARRA-5,52.85183061,-118.0464,150,2020,10,8,150,4,9,PLI,17.3,110,A Layer,4943.229474
TEKARRA-5,52.85183061,-118.0464,150,2020,15,8,150,3,9,PLI,18,110,A Layer,13693.01937
TEKARRA-5,52.85183061,-118.0464,150,2020,10,5,150,3,8,AT,17.8,93,A Layer,34816.82561
TEKARRA-5,52.85183061,-118.0464,150,2020,40,15,850,4,8,SB,13,120,A Layer,14220.0706
TEKARRA-5,52.85183061,-118.0464,150,2020,5,1,85,4,1,SB,12,120,A Layer,3012.116204
TEKARRA-6,52.84866317,-118.0416,150,2020,10,8,150,4,9,PLI,17.3,110,A Layer,1477.622382
TEKARRA-6,52.84866317,-118.0416,150,2020,15,8,150,3,9,PLI,18,110,A Layer,21715.14216
TEKARRA-6,52.84866317,-118.0416,150,2020,10,5,150,3,8,AT,17.8,93,A Layer,34485.958
TEKARRA-6,52.84866317,-118.0416,150,2020,5,1,85,4,1,SB,12,120,A Layer,13006.65828
TEKARRA-7,52.85110432,-118.039,150,2020,10,8,150,4,9,PLI,17.3,110,A Layer,64217.91838
TEKARRA-7,52.85110432,-118.039,150,2020,10,5,150,3,8,AT,17.8,93,A Layer,6467.377234
TEKARRA-8,52.85392676,-118.0391,150,2020,10,8,150,4,9,PLI,17.3,110,A Layer,43893.47445
TEKARRA-8,52.85392676,-118.0391,150,2020,10,4,175,4,8,AT,16.2,93,A Layer,13210.96126
TEKARRA-8,52.85392676,-118.0391,150,2020,10,5,150,3,8,AT,17.8,93,A Layer,13580.71394
TEKARRA-9,52.85667568,-118.0403,150,2020,40,20,725,3,8,AT,17,91,A Layer,925.9161875
TEKARRA-9,52.85667568,-118.0403,150,2020,10,5,160,3,8,AT,17.2,94,A Layer,11250.08621
TEKARRA-9,52.85667568,-118.0403,150,2020,55,23,950,3,8,AT,17.1,92,A Layer,15805.29552
TEKARRA-9,52.85667568,-118.0403,150,2020,5,1,90,3,1,AT,15.9,90,A Layer,5035.466381
TEKARRA-9,52.85667568,-118.0403,150,2020,10,8,150,4,9,PLI,17.3,110,A Layer,28529.15633
TEKARRA-9,52.85667568,-118.0403,150,2020,15,8,165,4,8,PLI,17,104,A Layer,8555.605463
TEKARRA-9,52.85667568,-118.0403,150,2020,10,4,175,4,8,AT,16.2,93,A Layer,583.6587896
VALLEY5-1,52.81101116,-118.0159,150,2020,3,1,50,5,1,SB,13,100,A Layer,4430.272206
VALLEY5-1,52.81101116,-118.0159,150,2020,10,8,150,4,9,SW,17.7,101,A Layer,27089.94943
VALLEY5-1,52.81101116,-118.0159,150,2020,10,6,175,4,8,SW,15.7,80,A Layer,3715.864381
VALLEY5-1,52.81101116,-118.0159,150,2020,15,6,175,4,9,PLI,15.1,80,A Layer,27848.55073
VALLEY5-1,52.81101116,-118.0159,150,2020,40,20,700,5,9,FDI,14.9,80,A Layer,7094.01707
VALLEY5-10,52.79787948,-117.9824,150,2020,25,7,370,4,8,FDI,16.6,82,A Layer,38753.1288
VALLEY5-10,52.79787948,-117.9824,150,2020,10,10,135,3,8,SW,20.5,98,A Layer,31843.50093
VALLEY5-2,52.81090412,-118.0116,150,2020,30,20,350,4,8,FDI,21.8,124,A Layer,15578.62839
VALLEY5-2,52.81090412,-118.0116,150,2020,3,1,50,5,1,SB,13,100,A Layer,20052.60268
VALLEY5-2,52.81090412,-118.0116,150,2020,10,4,225,4,8,FDI,11.1,45,A Layer,20065.84777
VALLEY5-2,52.81090412,-118.0116,150,2020,10,8,150,4,9,SW,17.7,101,A Layer,6099.660866
VALLEY5-2,52.81090412,-118.0116,150,2020,20,5,450,4,8,FDI,12.3,59,A Layer,8382.21853
VALLEY5-3,52.80854202,-118.0092,150,2020,3,1,50,5,1,SB,13,100,A Layer,18376.99391
VALLEY5-3,52.80854202,-118.0092,150,2020,10,4,225,4,8,FDI,11.1,45,A Layer,1502.42778
VALLEY5-3,52.80854202,-118.0092,150,2020,10,8,150,4,9,SW,17.7,101,A Layer,2711.32111
VALLEY5-3,52.80854202,-118.0092,150,2020,20,5,450,4,8,FDI,12.3,59,A Layer,47491.51091
VALLEY5-3,52.80854202,-118.0092,150,2020,55,30,875,4,9,SW,19.7,132,A Layer,603.0557431
VALLEY5-4,52.80613507,-118.0068,150,2020,3,1,50,5,1,SB,13,100,A Layer,24754.77007
VALLEY5-4,52.80613507,-118.0068,150,2020,20,5,450,4,8,FDI,12.3,59,A Layer,25214.16201
VALLEY5-4,52.80613507,-118.0068,150,2020,50,34,675,5,9,FDI,23,157,A Layer,624.8371917
VALLEY5-4,52.80613507,-118.0068,150,2020,45,23,675,4,9,SW,15.4,110,A Layer,3447.993505
VALLEY5-4,52.80613507,-118.0068,150,2020,35,10,525,3,8,FDI,12.8,45,B Layer,16643.49143
VALLEY5-5,52.80405996,-118.0039,150,2020,3,1,35,4,3,FDI,17.2,144,A Layer,3619.545092
VALLEY5-5,52.80405996,-118.0039,150,2020,3,1,50,5,1,SB,13,100,A Layer,26669.29876
VALLEY5-5,52.80405996,-118.0039,150,2020,20,5,450,4,8,FDI,12.3,59,A Layer,16665.24742
VALLEY5-5,52.80405996,-118.0039,150,2020,45,23,675,4,9,SW,15.4,110,A Layer,6257.692894
VALLEY5-5,52.80405996,-118.0039,150,2020,35,10,525,3,8,FDI,12.8,45,B Layer,16468.66536
VALLEY5-5,52.80405996,-118.0039,150,2020,50,24,900,4,9,FDI,17.5,105,A Layer,1004.772438
VALLEY5-6,52.80245357,-117.9999,150,2020,30,15,425,3,8,PLI,19.3,129,A Layer,1024.985899
VALLEY5-6,52.80245357,-117.9999,150,2020,25,16,240,4,8,FDI,22.8,151,A Layer,2786.698931
VALLEY5-6,52.80245357,-117.9999,150,2020,3,1,35,4,3,FDI,17.2,144,A Layer,31870.70067
VALLEY5-6,52.80245357,-117.9999,150,2020,3,1,50,5,1,SB,13,100,A Layer,17045.25348
VALLEY5-6,52.80245357,-117.9999,150,2020,20,5,450,4,8,FDI,12.3,59,A Layer,6574.563667
VALLEY5-6,52.80245357,-117.9999,150,2020,45,23,675,4,9,SW,15.4,110,A Layer,7153.090418
VALLEY5-6,52.80245357,-117.9999,150,2020,50,24,900,4,9,FDI,17.5,105,A Layer,4229.871658
VALLEY5-7,52.80139368,-117.9955,150,2020,25,16,240,4,8,FDI,22.8,151,A Layer,2144.199481
VALLEY5-7,52.80139368,-117.9955,150,2020,3,1,35,4,3,FDI,17.2,144,A Layer,32088.57667
VALLEY5-7,52.80139368,-117.9955,150,2020,15,10,210,4,8,SW,13.9,76,A Layer,18174.70047
VALLEY5-7,52.80139368,-117.9955,150,2020,3,1,50,5,1,SB,13,100,A Layer,17494.91241
VALLEY5-7,52.80139368,-117.9955,150,2020,45,23,675,4,9,SW,15.4,110,A Layer,782.9842692
VALLEY5-8,52.79979198,-117.9903,150,2020,25,16,240,4,8,FDI,22.8,151,A Layer,10470.47651
VALLEY5-8,52.79979198,-117.9903,150,2020,3,1,35,4,3,FDI,17.2,144,A Layer,15477.69295
VALLEY5-8,52.79979198,-117.9903,150,2020,15,10,210,4,8,SW,13.9,76,A Layer,68.92118913
VALLEY5-8,52.79979198,-117.9903,150,2020,25,7,370,4,8,FDI,16.6,82,A Layer,2483.583139
VALLEY5-8,52.79979198,-117.9903,150,2020,25,20,210,4,6,SW,24,100,A Layer,14482.94341
VALLEY5-8,52.79979198,-117.9903,150,2020,10,10,135,3,8,SW,20.5,98,A Layer,17848.15282
VALLEY5-8,52.79979198,-117.9903,150,2020,20,10,350,4,8,SW,15.1,76,A Layer,8232.313347
VALLEY5-9,52.79868113,-117.9866,150,2020,25,7,370,4,8,FDI,16.6,82,A Layer,2847.895929
VALLEY5-9,52.79868113,-117.9866,150,2020,10,10,135,3,8,SW,20.5,98,A Layer,66127.1897
WATCHTOWER-1,52.87399211,-117.8365,150,2020,0,0,0,,,NA,0,0,A Layer,251.4988706
WATCHTOWER-1,52.87399211,-117.8365,150,2020,0,0,0,,,NA,0,0,A Layer,70433.82348
WATCHTOWER-10,52.853307,-117.8131,150,2020,55,35,915,4,9,BL,18.5,134,A Layer,12381.99816
WATCHTOWER-10,52.853307,-117.8131,150,2020,60,44,940,4,9,SX,22.6,139,A Layer,19030.20249
WATCHTOWER-10,52.853307,-117.8131,150,2020,65,40,975,4,9,SX,20.7,128,A Layer,4805.560098
WATCHTOWER-10,52.853307,-117.8131,150,2020,40,28,625,4,9,SE,19.1,175,A Layer,34467.60638
WATCHTOWER-2,52.87210844,-117.832,150,2020,0,0,0,,,NA,0,0,A Layer,70685.83471
WATCHTOWER-3,52.86986277,-117.8292,150,2020,0,0,0,,,NA,0,0,A Layer,40553.50213
WATCHTOWER-3,52.86986277,-117.8292,150,2020,60,50,755,4,9,SX,27.3,196,A Layer,30131.92184
WATCHTOWER-4,52.86839786,-117.8253,150,2020,0,0,0,,,NA,0,0,A Layer,63748.90554
WATCHTOWER-4,52.86839786,-117.8253,150,2020,60,50,755,4,9,SX,27.3,196,A Layer,6828.508186
WATCHTOWER-4,52.86839786,-117.8253,150,2020,60,45,845,4,9,SX,23.3,178,A Layer,16.41929439
WATCHTOWER-5,52.86612125,-117.823,150,2020,0,0,0,,,NA,0,0,A Layer,28404.13099
WATCHTOWER-5,52.86612125,-117.823,150,2020,60,45,845,4,9,SX,23.3,178,A Layer,6708.478762
WATCHTOWER-5,52.86612125,-117.823,150,2020,45,35,585,4,8,SX,24.8,182,A Layer,30700.24857
WATCHTOWER-5,52.86612125,-117.823,150,2020,35,20,525,5,8,SX,16.2,130,A Layer,4780.970784
WATCHTOWER-6,52.86349813,-117.8214,150,2020,60,45,845,4,9,SX,23.3,178,A Layer,250.0009236
WATCHTOWER-6,52.86349813,-117.8214,150,2020,45,35,585,4,8,SX,24.8,182,A Layer,1285.285571
WATCHTOWER-6,52.86349813,-117.8214,150,2020,10,6,155,4,6,SB,14.5,128,A Layer,107.7433404
WATCHTOWER-6,52.86349813,-117.8214,150,2020,35,20,525,5,8,SX,16.2,130,A Layer,57056.4611
WATCHTOWER-6,52.86349813,-117.8214,150,2020,65,42,925,4,9,SX,22.1,138,A Layer,708.1912443
WATCHTOWER-6,52.86349813,-117.8214,150,2022,70,34,1500,3,9,BL,17.3,124,A Layer,11277.48528
WATCHTOWER-7,52.86071341,-117.8198,150,2020,35,20,525,5,8,SX,16.2,130,A Layer,22457.19196
WATCHTOWER-7,52.86071341,-117.8198,150,2020,55,45,725,4,8,SX,21.1,136,A Layer,923.8898412
WATCHTOWER-7,52.86071341,-117.8198,150,2022,70,34,1500,3,9,BL,17.3,124,A Layer,47304.03746
WATCHTOWER-8,52.85810899,-117.8181,150,2022,70,34,1500,3,9,BL,17.3,124,A Layer,66982.77035
WATCHTOWER-8,52.85810899,-117.8181,150,2020,55,35,915,4,9,BL,18.5,134,A Layer,3702.733397
WATCHTOWER-9,52.85567924,-117.8159,150,2022,70,34,1500,3,9,BL,17.3,124,A Layer,10366.36645
WATCHTOWER-9,52.85567924,-117.8159,150,2020,55,35,915,4,9,BL,18.5,134,A Layer,45426.64639
WATCHTOWER-9,52.85567924,-117.8159,150,2020,60,44,940,4,9,SX,22.6,139,A Layer,14892.59241
WILCOX-1,52.26999326,-117.2593,150,2020,18,8,220,5,6,PLI,12.1,108,A Layer,655.429259
WILCOX-1,52.26999326,-117.2593,150,2020,36,18,480,4,8,PLI,15.8,144,A Layer,40485.98624
WILCOX-1,52.26999326,-117.2593,150,2020,22,19,355,4,8,SE,17.4,165,A Layer,964.2780299
WILCOX-1,52.26999326,-117.2593,150,2020,,,,,,,,,,28579.4758
WILCOX-10,52.26282522,-117.248,150,2020,,,,,,,,,,2064.106375
WILCOX-10,52.26282522,-117.248,150,2020,,,,,,,,,,24850.99
WILCOX-10,52.26282522,-117.248,150,2020,,,,,,,,,,43770.44256
WILCOX-2,52.26774255,-117.2567,150,2020,36,18,480,4,8,PLI,15.8,144,A Layer,8296.569196
WILCOX-2,52.26774255,-117.2567,150,2020,22,19,355,4,8,SE,17.4,165,A Layer,51678.76739
WILCOX-2,52.26774255,-117.2567,150,2020,,,,,,,,,,10255.60077
WILCOX-3,52.2653729,-117.2549,150,2020,3,0,165,2,3,BL,3.2,45,A Layer,8049.75173
WILCOX-3,52.2653729,-117.2549,150,2020,22,19,355,4,8,SE,17.4,165,A Layer,51475.75337
WILCOX-3,52.2653729,-117.2549,150,2020,3,0,67,3,3,BL,6,66,A Layer,3228.754157
WILCOX-3,52.2653729,-117.2549,150,2020,,,,,,,,,,7476.693375
WILCOX-4,52.26263403,-117.2533,150,2020,3,0,165,2,3,BL,3.2,45,A Layer,43579.32337
WILCOX-4,52.26263403,-117.2533,150,2020,,,,,,,,,,11.9973687
WILCOX-4,52.26263403,-117.2533,150,2020,,,,,,,,,,134.0581515
WILCOX-4,52.26263403,-117.2533,150,2020,,,,,,,,,,5163.91318
WILCOX-4,52.26263403,-117.2533,150,2020,,,,,,,,,,21796.01849
WILCOX-5,52.26033789,-117.2508,150,2020,3,0,165,2,3,BL,3.2,45,A Layer,28414.22023
WILCOX-5,52.26033789,-117.2508,150,2020,,,,,,,,,,9563.734422
WILCOX-5,52.26033789,-117.2508,150,2020,,,,,,,,,,31623.90311
WILCOX-5,52.26033789,-117.2508,150,2020,,,,,,,,,,1083.366699
WILCOX-6,52.25814996,-117.2481,150,2020,3,0,165,2,3,BL,3.2,45,A Layer,29293.58691
WILCOX-6,52.25814996,-117.2481,150,2020,,,,,,,,,,36683.58942
WILCOX-6,52.25814996,-117.2481,150,2020,,,,,,,,,,4022.522268
WILCOX-7,52.25653837,-117.2448,150,2020,3,0,165,2,3,BL,3.2,45,A Layer,28595.63897
WILCOX-7,52.25653837,-117.2448,150,2020,,,,,,,,,,37516.68244
WILCOX-7,52.25653837,-117.2448,150,2020,,,,,,,,,,3887.269214
WILCOX-8,52.25868406,-117.242,150,2020,3,0,165,2,3,BL,3.2,45,A Layer,4134.920443
WILCOX-8,52.25868406,-117.242,150,2020,,,,,,,,,,1780.381392
WILCOX-8,52.25868406,-117.242,150,2020,,,,,,,,,,59287.02435
WILCOX-8,52.25868406,-117.242,150,2020,,,,,,,,,,5379.444166
WILCOX-9,52.26077316,-117.2447,150,2020,,,,,,,,,,42272.95093
WILCOX-9,52.26077316,-117.2447,150,2020,,,,,,,,,,235.8676746
WILCOX-9,52.26077316,-117.2447,150,2020,,,,,,,,,,28073.05459
CAVELL-3,52.67722693,-118.0337,150,2020,5,0,100,3,3,BL,6,90,A Layer,395.5336225
CAVELL-4,52.67983697,-118.0333,150,2020,5,0,100,3,3,BL,6,90,A Layer,395.5336225
CAVELL-4,52.67983697,-118.0333,150,2020,,,,,,,,,,1492.205401
CAVELL-5,52.68107347,-118.0297,150,2020,,,,,,,,,,1492.205401
COTTONWOOD-5,52.89257202,-118.1102,150,2020,20,15,216,3,8,PLI,24.2,141,A Layer,39.84704188
COTTONWOOD-6,52.89496397,-118.1122,150,2020,20,15,216,3,8,PLI,24.2,141,A Layer,39.84704188
ELYSIUM-2,52.88633061,-118.2657,150,2022,10,15,210,3,8,PLI,25,121,A Layer,57.62089454
ELYSIUM-3,52.8882395,-118.2688,150,2022,10,15,210,3,8,PLI,25,121,A Layer,57.62089454
ELYSIUM-5,52.8922199,-118.2749,150,2020,10,8,144,3,8,PLI,20.4,125,A Layer,67.99983547
ELYSIUM-6,52.89418328,-118.2779,150,2020,10,8,144,3,8,PLI,20.4,125,A Layer,67.99983547
FIDDLE-1,53.03090385,-117.5446,150,2020,1,0,20,4,3,BL,7,90,A Layer,433.0506853
FIDDLE-2,53.03337065,-117.5438,150,2020,1,0,20,4,3,BL,7,90,A Layer,433.0506853
FIDDLE-1,53.03090385,-117.5446,150,2020,33,10,480,4,8,SE,15.8,90,A Layer,1054.675572
FIDDLE-2,53.03337065,-117.5438,150,2020,33,10,480,4,8,SE,15.8,90,A Layer,1054.675572
FIDDLE-10,53.02978344,-117.5114,150,2020,,,,,,,,,,759.7765139
FIDDLE-9,53.03084568,-117.5153,150,2020,,,,,,,,,,759.7765139
FIDDLE-2,53.03337065,-117.5438,150,2020,45,25,815,4,8,BL,15.2,102,A Layer,3830.398545
FIDDLE-3,53.03512565,-117.5414,150,2020,45,25,815,4,8,BL,15.2,102,A Layer,3830.398545
FIDDLE-2,53.03337065,-117.5438,150,2020,45,25,635,4,9,SE,16.4,92,A Layer,1302.860019
FIDDLE-3,53.03512565,-117.5414,150,2020,45,25,635,4,9,SE,16.4,92,A Layer,1302.860019
FIDDLE-4,53.03482281,-117.5368,150,2020,35,15,385,4,8,SE,15.8,98,A Layer,400.9309669
FIDDLE-5,53.03556888,-117.5328,150,2020,35,15,385,4,8,SE,15.8,98,A Layer,400.9309669
FIDDLE-4,53.03482281,-117.5368,150,2020,10,1,320,5,6,BL,6.8,76,A Layer,719.9337802
FIDDLE-5,53.03556888,-117.5328,150,2020,10,1,320,5,6,BL,6.8,76,A Layer,719.9337802
FIDDLE-4,53.03482281,-117.5368,150,2020,1,0,20,4,3,BL,7,90,A Layer,242.2867908
FIDDLE-5,53.03556888,-117.5328,150,2020,1,0,20,4,3,BL,7,90,A Layer,242.2867908
FIDDLE-5,53.03556888,-117.5328,150,2020,10,1,320,5,6,BL,6.8,76,A Layer,507.9935384
FIDDLE-6,53.03525498,-117.5286,150,2020,10,1,320,5,6,BL,6.8,76,A Layer,507.9935384
FIDDLE-5,53.03556888,-117.5328,150,2020,1,0,20,4,3,BL,6,70,A Layer,548.5901697
FIDDLE-6,53.03525498,-117.5286,150,2020,1,0,20,4,3,BL,6,70,A Layer,548.5901697
MAJESTIC-8,52.73641842,-118.2443,150,2020,1,0,35,2,1,BL,3.1,30,A Layer,10018.50354
MAJESTIC-9,52.73723206,-118.2413,150,2020,1,0,35,2,1,BL,3.1,30,A Layer,10018.50354
MAJESTIC-8,52.73641842,-118.2443,150,2020,15,0,350,3,9,BL,4.2,41,A Layer,666.4886602
MAJESTIC-9,52.73723206,-118.2413,150,2020,15,0,350,3,9,BL,4.2,41,A Layer,666.4886602
MAJESTIC-8,52.73641842,-118.2443,150,2020,3,0,73,1,3,BL,4,55,A Layer,140.1094671
MAJESTIC-9,52.73723206,-118.2413,150,2020,3,0,73,1,3,BL,4,55,A Layer,140.1094671
MUSHROOM-5,53.05649699,-118.0757,150,2020,45,35,530,4,8,SW,20.9,98,A Layer,144.1354149
MUSHROOM-7,53.05832701,-118.0789,150,2020,45,35,530,4,8,SW,20.9,98,A Layer,144.1354149
OPAL-1,52.74501557,-117.614,150,2020,35,30,315,4,8,SE,23.6,207,A Layer,22.52927662
OPAL-2,52.74313476,-117.6109,150,2020,35,30,315,4,8,SE,23.6,207,A Layer,22.52927662
OPAL-1,52.74501557,-117.614,150,2020,50,7,2000,2,8,SE,5.6,40,A Layer,111.6849851
OPAL-2,52.74313476,-117.6109,150,2020,50,7,2000,2,8,SE,5.6,40,A Layer,111.6849851
OPAL-10,52.74553207,-117.6236,150,2020,30,28,330,4,8,SE,22.7,147,A Layer,76.31494629
OPAL-9,52.7479422,-117.6217,150,2020,30,28,330,4,8,SE,22.7,147,A Layer,76.31494629
OPAL-3,52.74895314,-117.6123,150,2020,1,0,10,1,3,BL,3,25,A Layer,18.52190028
OPAL-4,52.75143435,-117.614,150,2020,1,0,10,1,3,BL,3,25,A Layer,18.52190028
OPAL-8,52.75056448,-117.6222,150,2020,45,40,365,4,8,SE,25.8,176,A Layer,132.4787355
OPAL-9,52.7479422,-117.6217,150,2020,45,40,365,4,8,SE,25.8,176,A Layer,132.4787355
OPAL-8,52.75056448,-117.6222,150,2020,50,35,755,4,9,SE,20,172,A Layer,128.1013879
OPAL-9,52.7479422,-117.6217,150,2020,50,35,755,4,9,SE,20,172,A Layer,128.1013879
PYRAMID-3,52.91173037,-118.0885,150,2022,40,18,507,3,8,AT,20.7,105,A Layer,1007.906123
PYRAMID-4,52.91401327,-118.0866,150,2022,40,18,507,3,8,AT,20.7,105,A Layer,1007.906123
PYRAMID-6,52.91230353,-118.0779,150,2020,8,3,126,3,8,AT,18.6,112,A Layer,87.94321112
PYRAMID-7,52.91329393,-118.0738,150,2020,8,3,126,3,8,AT,18.6,112,A Layer,87.94321112
SULPHUR-3,53.11404336,-117.7616,150,2020,60,40,950,3,9,SX,20.7,175,A Layer,654.2754508
SULPHUR-4,53.11272724,-117.7579,150,2020,60,40,950,3,9,SX,20.7,175,A Layer,654.2754508
SULPHUR-3,53.11404336,-117.7616,150,2020,40,5,850,4,8,AT,8.3,55,A Layer,45.12194722
SULPHUR-4,53.11272724,-117.7579,150,2020,40,5,850,4,8,AT,8.3,55,A Layer,45.12194722
SULPHUR-5,53.11099,-117.754,150,2020,40,30,650,3,8,SX,20,174,A Layer,635.3752366
SULPHUR-6,53.11007973,-117.7501,150,2020,40,30,650,3,8,SX,20,174,A Layer,635.3752366
SULPHUR-5,53.11099,-117.754,150,2020,60,35,950,3,8,SX,20.2,172,A Layer,158.3550822
SULPHUR-6,53.11007973,-117.7501,150,2020,60,35,950,3,8,SX,20.2,172,A Layer,158.3550822
SULPHUR-5,53.11099,-117.754,150,2020,,,,,,,,,,649.7386933
SULPHUR-6,53.11007973,-117.7501,150,2020,,,,,,,,,,649.7386933
TEKARRA-2,52.86022928,-118.0553,150,2020,35,15,500,5,9,SW,16.2,98,A Layer,4.821326066
TEKARRA-3,52.86008871,-118.0509,150,2020,35,15,500,5,9,SW,16.2,98,A Layer,4.821326066
TEKARRA-2,52.86022928,-118.0553,150,2020,5,1,115,4,1,SB,9.8,110,A Layer,94.201136
TEKARRA-3,52.86008871,-118.0509,150,2020,5,1,115,4,1,SB,9.8,110,A Layer,94.201136
TEKARRA-3,52.86008871,-118.0509,150,2020,5,1,75,4,3,SW,15,87,A Layer,64.52631912
TEKARRA-4,52.85796331,-118.0483,150,2020,5,1,75,4,3,SW,15,87,A Layer,64.52631912
TEKARRA-3,52.86008871,-118.0509,150,2020,5,1,115,4,1,SB,9.8,110,A Layer,162.9283805
TEKARRA-4,52.85796331,-118.0483,150,2020,5,1,115,4,1,SB,9.8,110,A Layer,162.9283805
VALLEY5-1,52.81101116,-118.0159,150,2020,3,1,50,5,1,SB,13,100,A Layer,36.57296717
VALLEY5-2,52.81090412,-118.0116,150,2020,3,1,50,5,1,SB,13,100,A Layer,36.57296717
VALLEY5-1,52.81101116,-118.0159,150,2020,10,8,150,4,9,SW,17.7,101,A Layer,469.930938
VALLEY5-2,52.81090412,-118.0116,150,2020,10,8,150,4,9,SW,17.7,101,A Layer,469.930938
VALLEY5-10,52.79787948,-117.9824,150,2020,10,10,135,3,8,SW,20.5,98,A Layer,88.91328023
VALLEY5-9,52.79868113,-117.9866,150,2020,10,10,135,3,8,SW,20.5,98,A Layer,88.91328023
VALLEY5-8,52.79979198,-117.9903,150,2020,10,10,135,3,8,SW,20.5,98,A Layer,1621.217957
VALLEY5-9,52.79868113,-117.9866,150,2020,10,10,135,3,8,SW,20.5,98,A Layer,1621.217957
WATCHTOWER-4,52.86839786,-117.8253,150,2020,0,0,0,,,NA,0,0,A Layer,91.62290257
WATCHTOWER-5,52.86612125,-117.823,150,2020,0,0,0,,,NA,0,0,A Layer,91.62290257
WILCOX-2,52.26774255,-117.2567,150,2020,22,19,355,4,8,SE,17.4,165,A Layer,454.1906157
WILCOX-3,52.2653729,-117.2549,150,2020,22,19,355,4,8,SE,17.4,165,A Layer,454.1906157
WILCOX-6,52.25814996,-117.2481,150,2020,3,0,165,2,3,BL,3.2,45,A Layer,132.7584948
WILCOX-7,52.25653837,-117.2448,150,2020,3,0,165,2,3,BL,3.2,45,A Layer,132.7584948
WILCOX-6,52.25814996,-117.2481,150,2020,,,,,,,,,,553.000461
WILCOX-7,52.25653837,-117.2448,150,2020,,,,,,,,,,553.000461
WILCOX-8,52.25868406,-117.242,150,2020,,,,,,,,,,103.4522986
WILCOX-9,52.26077316,-117.2447,150,2020,,,,,,,,,,103.4522986
