Point_ID,latitude,longitude,BUFF_DIST,REFERENCE_YEAR,SHRUB_HEIGHT,SHRUB_CROWN_CLOSURE,COVER_PATTERN_CODE,HERB_COVER_TYPE_CODE,HERB_COVER_PCT,HERB_COVER_PATTERN_CODE,CWD_CODE,Shape_Area
CAVELL-1,52.68170144,-118.0401,150,2020,0.5,40,9,HE,47,9,L,20344.56861
CAVELL-1,52.68170144,-118.0401,150,2020,0.5,45,9,HE,20,9,M,6210.979977
CAVELL-1,52.68170144,-118.0401,150,2020,-99999,-99999,0,,-99999,0,L,875.4255051
CAVELL-1,52.68170144,-118.0401,150,2020,0.4,25,8,HE,15,8,M,1158.074355
CAVELL-1,52.68170144,-118.0401,150,2020,-99999,-99999,0,,-99999,0,L,42082.23541
CAVELL-1,52.68170144,-118.0401,150,2020,0.4,35,8,HE,50,9,L,13.98278724
CAVELL-10,52.68479671,-118.0347,150,2020,-99999,-99999,0,,-99999,0,L,36960.17656
CAVELL-10,52.68479671,-118.0347,150,2020,0.5,40,9,HE,47,9,L,33449.62374
CAVELL-10,52.68479671,-118.0347,150,2020,-99999,-99999,0,,-99999,0,L,275.4954068
CAVELL-2,52.67939365,-118.0378,150,2020,0.5,40,9,HE,47,9,L,33526.40559
CAVELL-2,52.67939365,-118.0378,150,2020,-99999,-99999,0,,-99999,0,L,4783.49075
CAVELL-2,52.67939365,-118.0378,150,2020,0.4,35,8,HE,50,9,L,32375.29008
CAVELL-3,52.67722693,-118.0337,150,2020,0.5,40,9,HE,47,9,L,14402.17631
CAVELL-3,52.67722693,-118.0337,150,2020,0.4,15,3,HE,25,8,L,12914.80378
CAVELL-3,52.67722693,-118.0337,150,2020,0.4,35,8,HE,50,9,L,39555.08671
CAVELL-3,52.67722693,-118.0337,150,2020,0.4,30,8,HE,52,9,L,3417.68812
CAVELL-4,52.67983697,-118.0333,150,2020,0.5,40,9,HE,47,9,L,4579.469816
CAVELL-4,52.67983697,-118.0333,150,2020,0.4,15,3,HE,25,8,L,17397.32006
CAVELL-4,52.67983697,-118.0333,150,2020,0.4,35,8,HE,50,9,L,46820.70883
CAVELL-5,52.68107347,-118.0297,150,2020,0.2,2,1,HE,18,8,,922.494694
CAVELL-5,52.68107347,-118.0297,150,2020,-99999,-99999,0,HE,3,3,,23125.6338
CAVELL-5,52.68107347,-118.0297,150,2020,0.4,15,3,HE,25,8,L,44927.28076
CAVELL-5,52.68107347,-118.0297,150,2020,0.4,35,8,HE,50,9,L,217.6600503
CAVELL-6,52.68294825,-118.026,150,2020,-99999,-99999,0,HE,3,3,,20018.07286
CAVELL-6,52.68294825,-118.026,150,2020,0.4,25,8,HE,55,9,L,30141.0537
CAVELL-6,52.68294825,-118.026,150,2020,0.2,2,1,HE,18,8,,2768.35672
CAVELL-6,52.68294825,-118.026,150,2020,-99999,-99999,0,HE,3,3,,17757.85856
CAVELL-7,52.6847719,-118.0293,150,2020,-99999,-99999,0,HE,3,3,,12013.35869
CAVELL-7,52.6847719,-118.0293,150,2020,0.4,25,8,HE,55,9,L,41406.89019
CAVELL-7,52.6847719,-118.0293,150,2020,0.5,40,9,HE,47,9,L,7023.70912
CAVELL-7,52.6847719,-118.0293,150,2020,0.4,25,8,HE,45,8,L,10241.2353
CAVELL-8,52.68692387,-118.0258,150,2020,0.5,40,9,HE,40,9,L,9382.349186
CAVELL-8,52.68692387,-118.0258,150,2020,-99999,-99999,0,HE,3,3,,2839.990164
CAVELL-8,52.68692387,-118.0258,150,2020,0.4,25,8,HE,55,9,L,49875.89571
CAVELL-8,52.68692387,-118.0258,150,2020,0.4,25,8,HE,45,8,L,8587.059831
CAVELL-9,52.68743676,-118.0309,150,2020,0.4,10,3,HE,22,8,L,1442.32203
CAVELL-9,52.68743676,-118.0309,150,2020,0.5,40,9,HE,40,9,L,19524.48151
CAVELL-9,52.68743676,-118.0309,150,2020,0.4,25,8,HE,55,9,L,29055.3622
CAVELL-9,52.68743676,-118.0309,150,2020,0.5,50,9,HE,40,9,L,20662.97546
COTTONWOOD-1,52.89175898,-118.0925,150,2020,1.3,50,8,HG,35,8,L,15501.23949
COTTONWOOD-1,52.89175898,-118.0925,150,2020,0.5,10,3,HE,5,3,L,1475.131379
COTTONWOOD-1,52.89175898,-118.0925,150,2020,0.5,20,8,HE,25,8,L,1034.630956
COTTONWOOD-1,52.89175898,-118.0925,150,2020,1,15,8,HE,5,3,L,12495.96014
COTTONWOOD-1,52.89175898,-118.0925,150,2020,0.5,20,8,HE,60,3,L,40178.34764
COTTONWOOD-1,52.89175898,-118.0925,150,2020,1,15,8,HE,5,3,L,0.00043966
COTTONWOOD-10,52.89605303,-118.0943,150,2020,0.7,20,8,HE,35,8,L,12.14486425
COTTONWOOD-10,52.89605303,-118.0943,150,2020,0.5,40,8,HE,45,8,M,11374.60045
COTTONWOOD-10,52.89605303,-118.0943,150,2020,0.5,15,8,HE,25,8,L,114.1182928
COTTONWOOD-10,52.89605303,-118.0943,150,2020,0.3,25,3,HE,25,3,L,46579.36721
COTTONWOOD-10,52.89605303,-118.0943,150,2020,0.5,10,3,HE,65,8,L,1195.992227
COTTONWOOD-10,52.89605303,-118.0943,150,2020,1.3,50,8,HG,35,8,L,11408.91929
COTTONWOOD-2,52.89256096,-118.0968,150,2020,1.3,50,8,HG,35,8,L,41195.69572
COTTONWOOD-2,52.89256096,-118.0968,150,2020,0.5,10,3,HE,5,3,L,19647.91422
COTTONWOOD-2,52.89256096,-118.0968,150,2020,-99999,-99999,0,,-99999,0,L,1464.723116
COTTONWOOD-2,52.89256096,-118.0968,150,2020,1,15,8,HE,5,3,L,8376.997314
COTTONWOOD-3,52.89321198,-118.1013,150,2020,1.5,50,3,HG,30,3,L,6642.007057
COTTONWOOD-3,52.89321198,-118.1013,150,2020,1.3,50,8,HG,35,8,L,18960.99392
COTTONWOOD-3,52.89321198,-118.1013,150,2020,1,5,1,HF,10,7,N,10704.02045
COTTONWOOD-3,52.89321198,-118.1013,150,2020,1,25,8,HE,5,3,L,3384.567553
COTTONWOOD-3,52.89321198,-118.1013,150,2020,0.3,10,3,HE,80,8,L,134.2086681
COTTONWOOD-3,52.89321198,-118.1013,150,2020,0.5,10,3,HE,5,3,L,11525.1429
COTTONWOOD-3,52.89321198,-118.1013,150,2020,-99999,-99999,0,,-99999,0,L,19334.22251
COTTONWOOD-4,52.89238201,-118.1057,150,2020,1.5,50,3,HG,30,3,L,861.5266733
COTTONWOOD-4,52.89238201,-118.1057,150,2020,1,25,8,HE,5,3,L,19743.13977
COTTONWOOD-4,52.89238201,-118.1057,150,2020,0.3,10,3,HE,80,8,L,30374.91091
COTTONWOOD-4,52.89238201,-118.1057,150,2020,-99999,-99999,0,,-99999,0,L,1752.977957
COTTONWOOD-4,52.89238201,-118.1057,150,2020,1,35,8,HG,5,3,L,15458.93876
COTTONWOOD-4,52.89238201,-118.1057,150,2020,0.5,10,3,HE,15,3,L,2235.283892
COTTONWOOD-4,52.89238201,-118.1057,150,2020,1,20,8,,-99999,0,L,258.3200747
COTTONWOOD-5,52.89257202,-118.1102,150,2020,1,25,8,HE,5,3,L,8392.400046
COTTONWOOD-5,52.89257202,-118.1102,150,2020,0.3,10,3,HE,80,8,L,50531.33252
COTTONWOOD-5,52.89257202,-118.1102,150,2020,1,20,8,HE,10,3,L,10154.53783
COTTONWOOD-5,52.89257202,-118.1102,150,2020,0.5,10,3,HE,15,3,L,1567.012289
COTTONWOOD-6,52.89496397,-118.1122,150,2020,0.5,40,8,HE,40,8,L,2912.728366
COTTONWOOD-6,52.89496397,-118.1122,150,2020,0.5,25,8,HE,15,8,M,3705.128024
COTTONWOOD-6,52.89496397,-118.1122,150,2020,1.5,50,3,HG,30,3,L,23045.49043
COTTONWOOD-6,52.89496397,-118.1122,150,2020,0.5,15,3,HE,35,8,L,13660.04927
COTTONWOOD-6,52.89496397,-118.1122,150,2020,1.2,20,8,HE,5,3,L,924.9883297
COTTONWOOD-6,52.89496397,-118.1122,150,2020,0.5,20,8,HE,10,3,L,21978.16122
COTTONWOOD-6,52.89496397,-118.1122,150,2020,1,25,8,HE,5,3,L,4304.661079
COTTONWOOD-6,52.89496397,-118.1122,150,2020,0.3,10,3,HE,80,8,L,114.2231666
COTTONWOOD-7,52.89576402,-118.1166,150,2020,0.5,25,8,HE,15,8,M,13859.51601
COTTONWOOD-7,52.89576402,-118.1166,150,2020,1.5,50,3,HG,30,3,L,24672.9754
COTTONWOOD-7,52.89576402,-118.1166,150,2020,0.5,35,8,HE,10,3,L,18354.80644
COTTONWOOD-7,52.89576402,-118.1166,150,2020,1,20,8,HE,5,3,L,46.69930822
COTTONWOOD-7,52.89576402,-118.1166,150,2020,1.2,20,8,HE,5,3,L,13699.98713
COTTONWOOD-7,52.89576402,-118.1166,150,2020,0.4,40,8,HE,35,8,L,51.33631982
COTTONWOOD-8,52.89501099,-118.1077,150,2020,0.5,40,8,HE,40,8,L,12526.29216
COTTONWOOD-8,52.89501099,-118.1077,150,2020,1.5,50,3,HG,30,3,L,17742.0851
COTTONWOOD-8,52.89501099,-118.1077,150,2020,0.4,30,8,HE,30,8,L,16464.88755
COTTONWOOD-8,52.89501099,-118.1077,150,2020,0.5,15,3,HE,35,8,L,12737.41016
COTTONWOOD-8,52.89501099,-118.1077,150,2020,0.5,20,8,HE,10,3,L,5285.992273
COTTONWOOD-8,52.89501099,-118.1077,150,2020,1,25,8,HE,5,3,L,5928.472961
COTTONWOOD-9,52.89550904,-118.0989,150,2020,0.7,20,8,HE,35,8,L,14917.85449
COTTONWOOD-9,52.89550904,-118.0989,150,2020,0.5,40,8,HE,40,8,L,727.9613083
COTTONWOOD-9,52.89550904,-118.0989,150,2020,0.5,15,8,HE,25,8,L,58.13799606
COTTONWOOD-9,52.89550904,-118.0989,150,2020,0.5,5,3,HE,5,3,L,1102.468929
COTTONWOOD-9,52.89550904,-118.0989,150,2020,1.5,50,3,HG,30,3,L,15.92355502
COTTONWOOD-9,52.89550904,-118.0989,150,2020,0.3,25,3,HE,25,3,L,1393.027565
COTTONWOOD-9,52.89550904,-118.0989,150,2020,0.5,10,3,HE,65,8,L,14358.74038
COTTONWOOD-9,52.89550904,-118.0989,150,2020,0.5,10,3,HE,25,8,L,13244.60695
COTTONWOOD-9,52.89550904,-118.0989,150,2020,1.3,50,8,HG,35,8,L,12909.83594
COTTONWOOD-9,52.89550904,-118.0989,150,2020,1,5,1,HF,10,7,N,9683.601654
COTTONWOOD-9,52.89550904,-118.0989,150,2020,1,5,1,HF,10,7,N,2273.086979
ELYSIUM-1,52.88492396,-118.2618,150,2020,1,5,3,HE,5,3,L,9261.581949
ELYSIUM-1,52.88492396,-118.2618,150,2022,1,35,8,HE,10,3,M,43355.6905
ELYSIUM-1,52.88492396,-118.2618,150,2020,1.4,55,8,,-99999,0,L,1565.105714
ELYSIUM-1,52.88492396,-118.2618,150,2020,0.5,10,8,,-99999,0,L,16503.19486
ELYSIUM-10,52.90203058,-118.2896,150,2020,1,5,3,HE,5,3,L,2274.113225
ELYSIUM-10,52.90203058,-118.2896,150,2020,0.6,45,8,HG,15,3,L,5166.100896
ELYSIUM-10,52.90203058,-118.2896,150,2020,0.5,15,8,HE,5,3,L,984.5533826
ELYSIUM-10,52.90203058,-118.2896,150,2020,0.7,40,8,HE,5,3,L,49571.14595
ELYSIUM-10,52.90203058,-118.2896,150,2020,-99999,-99999,0,,-99999,0,L,8386.171616
ELYSIUM-10,52.90203058,-118.2896,150,2020,0.5,10,3,HE,5,3,L,4303.088217
ELYSIUM-2,52.88633061,-118.2657,150,2020,1,5,3,HE,5,3,L,631.8561966
ELYSIUM-2,52.88633061,-118.2657,150,2020,0.7,20,8,HE,5,3,L,5017.615473
ELYSIUM-2,52.88633061,-118.2657,150,2020,0.8,35,8,HE,10,3,L,15895.9335
ELYSIUM-2,52.88633061,-118.2657,150,2020,1.2,25,8,,-99999,0,L,5902.296367
ELYSIUM-2,52.88633061,-118.2657,150,2022,1,35,8,HE,10,3,M,12338.88116
ELYSIUM-2,52.88633061,-118.2657,150,2020,0.6,45,8,HE,10,3,L,2227.182617
ELYSIUM-2,52.88633061,-118.2657,150,2020,1.4,55,8,,-99999,0,L,28613.87358
ELYSIUM-3,52.8882395,-118.2688,150,2020,0.7,20,8,HE,5,3,L,10244.64926
ELYSIUM-3,52.8882395,-118.2688,150,2020,0.8,35,8,HE,10,3,L,17583.40682
ELYSIUM-3,52.8882395,-118.2688,150,2020,1.2,25,8,,-99999,0,L,15873.44327
ELYSIUM-3,52.8882395,-118.2688,150,2020,1,40,8,HE,5,3,L,23183.79696
ELYSIUM-3,52.8882395,-118.2688,150,2022,1,35,8,HE,10,3,M,3742.249789
ELYSIUM-4,52.88988026,-118.2725,150,2020,1,40,8,HE,5,3,L,5281.03057
ELYSIUM-4,52.88988026,-118.2725,150,2020,0.7,35,8,HE,5,3,L,8589.863
ELYSIUM-4,52.88988026,-118.2725,150,2020,0.7,20,8,HE,5,3,L,23676.13535
ELYSIUM-4,52.88988026,-118.2725,150,2020,0.8,35,8,HE,10,3,L,27400.90612
ELYSIUM-4,52.88988026,-118.2725,150,2020,1.2,25,8,,-99999,0,L,5394.65129
ELYSIUM-4,52.88988026,-118.2725,150,2020,1,40,8,HE,5,3,L,342.6793858
ELYSIUM-5,52.8922199,-118.2749,150,2020,0.8,40,8,HE,5,3,L,2951.278501
ELYSIUM-5,52.8922199,-118.2749,150,2020,1,35,8,HE,5,3,L,9951.149012
ELYSIUM-5,52.8922199,-118.2749,150,2020,1,40,8,HE,5,3,L,49459.97371
ELYSIUM-5,52.8922199,-118.2749,150,2020,0.7,35,8,HE,5,3,L,8010.330688
ELYSIUM-5,52.8922199,-118.2749,150,2020,0.7,20,8,HE,5,3,L,244.5219366
ELYSIUM-6,52.89418328,-118.2779,150,2020,0.7,30,8,HE,5,3,L,7429.218643
ELYSIUM-6,52.89418328,-118.2779,150,2020,0.8,40,8,HE,5,3,L,21844.24748
ELYSIUM-6,52.89418328,-118.2779,150,2020,1,55,8,HE,5,3,L,947.4149714
ELYSIUM-6,52.89418328,-118.2779,150,2020,1,35,8,HE,5,3,L,656.7892654
ELYSIUM-6,52.89418328,-118.2779,150,2020,0.5,10,3,HG,5,3,L,12498.33257
ELYSIUM-6,52.89418328,-118.2779,150,2020,1,40,8,HE,5,3,L,27241.29178
ELYSIUM-7,52.89613651,-118.281,150,2020,0.7,30,8,HE,5,3,L,19434.28999
ELYSIUM-7,52.89613651,-118.281,150,2020,0.8,40,8,HE,5,3,L,49190.15711
ELYSIUM-7,52.89613651,-118.281,150,2020,1,55,8,HE,5,3,L,2060.795795
ELYSIUM-8,52.8973342,-118.285,150,2020,0.5,25,8,HE,15,3,L,3273.995306
ELYSIUM-8,52.8973342,-118.285,150,2020,0.8,40,8,HE,5,3,L,67367.43138
ELYSIUM-8,52.8973342,-118.285,150,2020,0.6,25,8,HE,5,3,L,43.9036854
ELYSIUM-9,52.89926799,-118.2882,150,2020,0.7,40,8,HE,5,3,L,13092.92105
ELYSIUM-9,52.89926799,-118.2882,150,2020,0.5,10,3,HE,5,3,L,33319.50848
ELYSIUM-9,52.89926799,-118.2882,150,2020,0.5,25,8,HE,15,3,L,23605.6289
ELYSIUM-9,52.89926799,-118.2882,150,2020,0.8,40,8,HE,5,3,L,667.2964738
FIDDLE-1,53.03090385,-117.5446,150,2020,0.3,5,3,HE,80,8,,98.14835536
FIDDLE-1,53.03090385,-117.5446,150,2020,1,30,8,HE,25,3,N,41101.70856
FIDDLE-1,53.03090385,-117.5446,150,2020,1,25,8,HE,15,3,N,27221.56512
FIDDLE-1,53.03090385,-117.5446,150,2020,1.5,2,2,HE,5,3,N,776.0845089
FIDDLE-10,53.02978344,-117.5114,150,2020,0.5,10,3,HE,80,8,,41177.33022
FIDDLE-10,53.02978344,-117.5114,150,2020,0.3,20,6,HE,70,8,,15964.1558
FIDDLE-10,53.02978344,-117.5114,150,2020,1,3,3,HE,25,3,,10892.5539
FIDDLE-10,53.02978344,-117.5114,150,2020,-99999,-99999,0,HE,60,6,,1891.454675
FIDDLE-2,53.03337065,-117.5438,150,2020,0.5,20,6,HE,25,8,N,27022.47334
FIDDLE-2,53.03337065,-117.5438,150,2020,0.5,20,6,,-99999,0,N,7734.646467
FIDDLE-2,53.03337065,-117.5438,150,2020,0.3,5,3,HE,80,8,,4955.728514
FIDDLE-2,53.03337065,-117.5438,150,2020,0.4,25,8,HE,40,8,N,7026.773579
FIDDLE-2,53.03337065,-117.5438,150,2020,1,30,8,HE,25,3,N,17324.5564
FIDDLE-3,53.03512565,-117.5414,150,2020,0.5,20,6,HE,25,8,N,43447.35364
FIDDLE-3,53.03512565,-117.5414,150,2020,0.5,20,6,,-99999,0,N,4591.341528
FIDDLE-3,53.03512565,-117.5414,150,2020,0.3,20,6,HE,40,8,N,14549.88928
FIDDLE-3,53.03512565,-117.5414,150,2020,0.3,5,3,HE,80,8,,2963.55169
FIDDLE-4,53.03482281,-117.5368,150,2020,0.3,20,6,HE,40,8,N,25422.86643
FIDDLE-4,53.03482281,-117.5368,150,2020,0.4,20,3,HE,60,8,N,4968.253148
FIDDLE-4,53.03482281,-117.5368,150,2020,0.3,5,3,HE,80,8,,25018.58386
FIDDLE-4,53.03482281,-117.5368,150,2020,-99999,-99999,0,HE,5,3,,13131.20806
FIDDLE-4,53.03482281,-117.5368,150,2020,-99999,-99999,0,,-99999,0,,781.2442914
FIDDLE-5,53.03556888,-117.5328,150,2020,-99999,-99999,0,HE,30,8,N,53.63783876
FIDDLE-5,53.03556888,-117.5328,150,2020,0.4,20,6,HE,25,6,N,2037.712492
FIDDLE-5,53.03556888,-117.5328,150,2020,0.3,20,6,HE,40,8,N,13570.35265
FIDDLE-5,53.03556888,-117.5328,150,2020,0.4,25,6,HE,60,8,N,21.87408948
FIDDLE-5,53.03556888,-117.5328,150,2020,0.4,20,3,HE,60,8,N,39798.55907
FIDDLE-5,53.03556888,-117.5328,150,2020,0.3,5,3,HE,80,8,,7776.36144
FIDDLE-5,53.03556888,-117.5328,150,2020,0.3,5,3,HE,50,6,,1758.5298
FIDDLE-5,53.03556888,-117.5328,150,2020,-99999,-99999,0,HE,5,3,,3248.48652
FIDDLE-6,53.03525498,-117.5286,150,2020,0.4,20,6,HE,25,6,N,1295.148464
FIDDLE-6,53.03525498,-117.5286,150,2020,0.4,25,6,HE,60,8,N,15630.2644
FIDDLE-6,53.03525498,-117.5286,150,2020,0.4,20,3,HE,60,8,N,23684.18991
FIDDLE-6,53.03525498,-117.5286,150,2020,0.3,5,3,HE,50,6,,21896.9729
FIDDLE-6,53.03525498,-117.5286,150,2020,2,55,8,HE,20,3,,327.0106489
FIDDLE-6,53.03525498,-117.5286,150,2020,-99999,-99999,0,HE,5,3,,2421.977579
FIDDLE-6,53.03525498,-117.5286,150,2020,0.3,20,6,HE,70,8,,4373.02517
FIDDLE-7,53.03396367,-117.5238,150,2020,0.4,25,6,HE,60,8,N,1193.063716
FIDDLE-7,53.03396367,-117.5238,150,2020,0.5,10,3,HE,80,8,,4047.853462
FIDDLE-7,53.03396367,-117.5238,150,2020,0.3,5,3,HE,50,6,,11838.30266
FIDDLE-7,53.03396367,-117.5238,150,2020,2,55,8,HE,20,3,,25196.20408
FIDDLE-7,53.03396367,-117.5238,150,2020,-99999,-99999,0,HE,5,3,,2.231382297
FIDDLE-7,53.03396367,-117.5238,150,2020,0.3,20,6,HE,70,8,,28356.47809
FIDDLE-7,53.03396367,-117.5238,150,2020,-99999,-99999,0,HE,75,8,,51.15708343
FIDDLE-8,53.03259691,-117.5198,150,2020,0.5,10,3,HE,80,8,,37928.0901
FIDDLE-8,53.03259691,-117.5198,150,2020,2,55,8,HE,20,3,,16152.55533
FIDDLE-8,53.03259691,-117.5198,150,2020,0.3,20,6,HE,70,8,,2486.856111
FIDDLE-8,53.03259691,-117.5198,150,2020,-99999,-99999,0,HE,75,8,,14117.85847
FIDDLE-9,53.03084568,-117.5153,150,2020,0.5,10,3,HE,80,8,,53912.71261
FIDDLE-9,53.03084568,-117.5153,150,2020,2,55,8,HE,20,3,,16012.77194
MAJESTIC-1,52.74993315,-118.2654,150,2020,0.5,37,8,HE,28,8,N,22975.55805
MAJESTIC-1,52.74993315,-118.2654,150,2020,-99999,-99999,0,HE,3,1,,16456.61104
MAJESTIC-1,52.74993315,-118.2654,150,2020,0.5,50,9,,-99999,0,L,498.7082407
MAJESTIC-1,52.74993315,-118.2654,150,2020,0.6,55,8,HE,20,8,L,30754.45823
MAJESTIC-10,52.73883451,-118.236,150,2020,0.3,45,9,HE,37,9,,70685.83471
MAJESTIC-2,52.7473159,-118.2638,150,2020,0.5,37,8,HE,28,8,N,51153.73162
MAJESTIC-2,52.7473159,-118.2638,150,2020,0.7,55,8,,-99999,0,N,14154.36011
MAJESTIC-2,52.7473159,-118.2638,150,2020,0.3,33,8,HE,6,3,,5377.437549
MAJESTIC-3,52.74441962,-118.2622,150,2020,0.5,37,8,HE,28,8,N,57859.83116
MAJESTIC-3,52.74441962,-118.2622,150,2020,0.3,33,8,HE,6,3,,5820.524942
MAJESTIC-3,52.74441962,-118.2622,150,2020,0.7,65,8,,-99999,0,N,7005.075323
MAJESTIC-4,52.7418069,-118.2602,150,2020,0.5,37,8,HE,28,8,N,20550.1306
MAJESTIC-4,52.7418069,-118.2602,150,2020,0.7,65,8,,-99999,0,N,106.1534792
MAJESTIC-4,52.7418069,-118.2602,150,2020,0.7,40,8,HE,12,3,N,22440.64992
MAJESTIC-4,52.7418069,-118.2602,150,2020,0.8,55,8,HE,20,3,N,23566.06617
MAJESTIC-4,52.7418069,-118.2602,150,2020,0.4,55,8,HE,25,8,N,4022.117169
MAJESTIC-5,52.73915847,-118.2581,150,2020,0.7,40,8,HE,12,3,N,11635.98909
MAJESTIC-5,52.73915847,-118.2581,150,2020,0.4,55,8,HE,25,8,N,28538.54963
MAJESTIC-5,52.73915847,-118.2581,150,2020,0.7,40,8,HE,6,3,L,28062.46425
MAJESTIC-5,52.73915847,-118.2581,150,2020,0.8,48,8,HG,24,1,N,2448.242398
MAJESTIC-6,52.73740196,-118.2534,150,2020,0.7,40,8,HE,12,3,N,15582.05089
MAJESTIC-6,52.73740196,-118.2534,150,2020,0.4,55,8,HE,25,8,N,24427.98723
MAJESTIC-6,52.73740196,-118.2534,150,2020,0.7,40,8,HE,6,3,L,5630.965586
MAJESTIC-6,52.73740196,-118.2534,150,2020,0.5,45,8,HE,20,8,L,25044.32727
MAJESTIC-7,52.73672135,-118.2489,150,2020,0.5,37,8,HE,28,8,N,49.17431492
MAJESTIC-7,52.73672135,-118.2489,150,2020,0.4,55,8,HE,25,8,N,10859.44892
MAJESTIC-7,52.73672135,-118.2489,150,2020,0.7,42,8,HE,15,3,N,14460.60877
MAJESTIC-7,52.73672135,-118.2489,150,2020,0.5,45,8,HE,20,8,L,45316.299
MAJESTIC-8,52.73641842,-118.2443,150,2020,0.3,45,9,HE,37,9,,15237.4311
MAJESTIC-8,52.73641842,-118.2443,150,2020,0.5,75,9,,-99999,0,L,8836.009175
MAJESTIC-8,52.73641842,-118.2443,150,2020,0.5,37,8,HE,28,8,N,21070.10088
MAJESTIC-8,52.73641842,-118.2443,150,2020,0.5,45,8,HE,20,8,L,14716.61707
MAJESTIC-9,52.73723206,-118.2413,150,2020,0.3,45,9,HE,37,9,,43890.06917
MAJESTIC-9,52.73723206,-118.2413,150,2020,0.5,75,9,,-99999,0,L,1902.454157
MAJESTIC-9,52.73723206,-118.2413,150,2020,0.5,37,8,HE,28,8,N,14067.65231
MUSHROOM-1,53.06593702,-118.0644,150,2020,1.5,5,3,HE,50,7,N,8635.868623
MUSHROOM-1,53.06593702,-118.0644,150,2020,1,20,6,,-99999,0,L,461.1996873
MUSHROOM-1,53.06593702,-118.0644,150,2020,-99999,-99999,0,HE,40,8,L,2763.771621
MUSHROOM-1,53.06593702,-118.0644,150,2020,4,20,3,HE,5,1,N,540.1040677
MUSHROOM-1,53.06593702,-118.0644,150,2020,0.5,20,6,,-99999,0,L,4416.048084
MUSHROOM-1,53.06593702,-118.0644,150,2020,1,20,6,HE,40,8,M,45190.1812
MUSHROOM-1,53.06593702,-118.0644,150,2020,3.5,65,8,HE,15,3,N,7457.777052
MUSHROOM-1,53.06593702,-118.0644,150,2020,5,50,8,,-99999,0,L,1220.223587
MUSHROOM-2,53.06382302,-118.0674,150,2020,1.5,5,3,HE,50,7,N,709.4331303
MUSHROOM-2,53.06382302,-118.0674,150,2020,4,20,3,HE,5,1,N,3174.251899
MUSHROOM-2,53.06382302,-118.0674,150,2020,3.5,65,8,HE,15,3,N,43389.5847
MUSHROOM-2,53.06382302,-118.0674,150,2020,2,10,3,HG,85,8,N,23411.84558
MUSHROOM-3,53.06123796,-118.0693,150,2020,3.5,65,8,HE,15,3,N,42371.67386
MUSHROOM-3,53.06123796,-118.0693,150,2020,1,20,8,,-99999,0,N,1087.182646
MUSHROOM-3,53.06123796,-118.0693,150,2020,2,10,3,HG,85,8,N,27226.28903
MUSHROOM-4,53.05912899,-118.0724,150,2020,3.5,65,8,HE,15,3,N,3991.784113
MUSHROOM-4,53.05912899,-118.0724,150,2020,1,20,8,,-99999,0,N,47353.38357
MUSHROOM-4,53.05912899,-118.0724,150,2020,4,85,8,,-99999,0,N,3572.194337
MUSHROOM-4,53.05912899,-118.0724,150,2020,2.5,5,3,HF,85,8,N,425.6506031
MUSHROOM-4,53.05912899,-118.0724,150,2020,2,25,6,,-99999,0,N,15342.16802
MUSHROOM-5,53.05649699,-118.0757,150,2020,4,85,8,,-99999,0,N,4992.192313
MUSHROOM-5,53.05649699,-118.0757,150,2020,2,25,6,,-99999,0,N,33501.85093
MUSHROOM-5,53.05649699,-118.0757,150,2020,1,20,3,HG,50,8,N,15292.21534
MUSHROOM-5,53.05649699,-118.0757,150,2020,1.5,25,6,,-99999,0,N,815.1843995
MUSHROOM-5,53.05649699,-118.0757,150,2020,-99999,-99999,0,,-99999,0,,15900.39566
MUSHROOM-5,53.05649699,-118.0757,150,2020,1,10,3,HE,80,8,N,39.27587753
MUSHROOM-6,53.05637101,-118.0823,150,2020,-99999,-99999,0,,-99999,0,,14681.27215
MUSHROOM-6,53.05637101,-118.0823,150,2020,0.4,20,6,HG,40,6,N,27862.53376
MUSHROOM-6,53.05637101,-118.0823,150,2020,1,20,3,HG,50,8,N,10989.06056
MUSHROOM-6,53.05637101,-118.0823,150,2020,1.5,25,6,,-99999,0,N,17152.43781
MUSHROOM-7,53.05832701,-118.0789,150,2020,-99999,-99999,0,,-99999,0,,15849.79938
MUSHROOM-7,53.05832701,-118.0789,150,2020,0.4,20,6,HG,40,6,N,32354.22595
MUSHROOM-7,53.05832701,-118.0789,150,2020,4,85,8,,-99999,0,N,6452.322163
MUSHROOM-7,53.05832701,-118.0789,150,2020,2.5,5,3,HF,85,8,N,4581.32067
MUSHROOM-7,53.05832701,-118.0789,150,2020,2,25,6,,-99999,0,N,2532.168705
MUSHROOM-7,53.05832701,-118.0789,150,2020,2.8,60,8,HE,10,3,N,8771.204355
MUSHROOM-8,53.06098198,-118.0775,150,2020,-99999,-99999,0,,-99999,0,,26661.58495
MUSHROOM-8,53.06098198,-118.0775,150,2020,0.4,20,6,HG,40,6,N,20742.53817
MUSHROOM-8,53.06098198,-118.0775,150,2020,4,85,8,,-99999,0,N,10638.59997
MUSHROOM-8,53.06098198,-118.0775,150,2020,2.5,5,3,HF,85,8,N,12634.96148
MUSHROOM-8,53.06098198,-118.0775,150,2020,2.8,60,8,HE,10,3,N,7.685395694
MUSHROOM-9,53.06283102,-118.0739,150,2020,-99999,-99999,0,,-99999,0,,732.8165102
MUSHROOM-9,53.06283102,-118.0739,150,2020,0.4,20,6,HG,40,6,N,21915.03013
MUSHROOM-9,53.06283102,-118.0739,150,2020,1,20,8,,-99999,0,N,20135.09761
MUSHROOM-9,53.06283102,-118.0739,150,2020,2,10,3,HG,85,8,N,644.6976422
MUSHROOM-9,53.06283102,-118.0739,150,2020,4,85,8,,-99999,0,N,27257.88427
OPAL-1,52.74501557,-117.614,150,2020,0.3,55,8,HE,30,6,N,246.5872205
OPAL-1,52.74501557,-117.614,150,2020,-99999,-99999,0,,-99999,0,N,14646.54701
OPAL-1,52.74501557,-117.614,150,2020,0.4,10,3,HE,75,8,N,19806.79598
OPAL-1,52.74501557,-117.614,150,2020,-99999,-99999,0,,-99999,0,N,16563.52913
OPAL-1,52.74501557,-117.614,150,2020,-99999,-99999,0,HE,25,4,N,18358.25921
OPAL-1,52.74501557,-117.614,150,2020,-99999,-99999,0,,-99999,0,N,929.1779988
OPAL-10,52.74553207,-117.6236,150,2020,0.5,25,6,HE,30,6,M,50010.21008
OPAL-10,52.74553207,-117.6236,150,2020,1,20,6,HE,25,6,L,6217.271467
OPAL-10,52.74553207,-117.6236,150,2020,0.5,20,6,,-99999,0,L,10091.72696
OPAL-10,52.74553207,-117.6236,150,2020,0.5,20,6,,-99999,0,L,1658.07533
OPAL-10,52.74553207,-117.6236,150,2020,-99999,-99999,0,HE,40,8,N,108.3415378
OPAL-10,52.74553207,-117.6236,150,2020,0.5,25,6,HE,30,6,M,2523.383829
OPAL-2,52.74313476,-117.6109,150,2020,0.2,4,3,HE,70,8,,1668.622039
OPAL-2,52.74313476,-117.6109,150,2020,0.4,10,3,HE,75,8,N,33223.50528
OPAL-2,52.74313476,-117.6109,150,2020,-99999,-99999,0,,-99999,0,N,17112.53072
OPAL-2,52.74313476,-117.6109,150,2020,0.4,10,3,HG,65,8,N,7991.658119
OPAL-2,52.74313476,-117.6109,150,2020,-99999,-99999,0,HE,25,4,N,10554.84358
OPAL-3,52.74895314,-117.6123,150,2020,0.3,55,8,HE,30,6,N,6507.492808
OPAL-3,52.74895314,-117.6123,150,2020,0.3,20,3,HE,77,8,,54276.02213
OPAL-3,52.74895314,-117.6123,150,2020,0.3,25,6,HE,60,6,N,629.9079909
OPAL-3,52.74895314,-117.6123,150,2020,-99999,-99999,0,HE,85,8,,9253.310474
OPAL-4,52.75143435,-117.614,150,2020,0.3,55,8,HE,30,6,N,4725.203839
OPAL-4,52.75143435,-117.614,150,2020,0.3,20,3,HE,77,8,,39633.7056
OPAL-4,52.75143435,-117.614,150,2020,0.3,20,3,HE,55,8,N,5286.735725
OPAL-4,52.75143435,-117.614,150,2020,0.3,10,3,HE,88,8,,13255.88397
OPAL-4,52.75143435,-117.614,150,2020,-99999,-99999,0,HE,55,6,,6611.733852
OPAL-4,52.75143435,-117.614,150,2020,0.3,10,3,HE,88,8,,1153.52728
OPAL-5,52.7537931,-117.6168,150,2020,0.3,20,3,HE,77,8,,12500.53081
OPAL-5,52.7537931,-117.6168,150,2020,0.3,20,3,HE,55,8,N,24668.73408
OPAL-5,52.7537931,-117.6168,150,2020,0.3,5,3,HE,70,8,N,6320.349385
OPAL-5,52.7537931,-117.6168,150,2020,0.3,10,3,HE,88,8,,27195.82808
OPAL-6,52.75581457,-117.6205,150,2020,0.3,20,3,HE,77,8,,7177.121453
OPAL-6,52.75581457,-117.6205,150,2020,0.3,60,8,HE,30,6,N,11412.29262
OPAL-6,52.75581457,-117.6205,150,2020,0.3,20,3,HE,55,8,N,7463.141757
OPAL-6,52.75581457,-117.6205,150,2020,0.3,15,3,HE,35,8,N,25338.89658
OPAL-6,52.75581457,-117.6205,150,2020,-99999,-99999,0,HE,40,6,N,7878.497801
OPAL-6,52.75581457,-117.6205,150,2020,0.3,5,3,HE,70,8,N,11415.44032
OPAL-7,52.7538636,-117.624,150,2020,-99999,-99999,0,HE,50,8,N,3947.751424
OPAL-7,52.7538636,-117.624,150,2020,-99999,-99999,0,HE,40,6,N,28526.36796
OPAL-7,52.7538636,-117.624,150,2020,0.5,10,3,HE,50,8,N,7451.476781
OPAL-7,52.7538636,-117.624,150,2020,0.5,15,3,HE,40,8,L,6543.797214
OPAL-7,52.7538636,-117.624,150,2020,-99999,-99999,0,HE,30,8,L,372.1489622
OPAL-7,52.7538636,-117.624,150,2020,1,10,3,HE,25,6,N,23843.71332
OPAL-8,52.75056448,-117.6222,150,2020,0.5,25,6,HE,30,6,M,4670.221657
OPAL-8,52.75056448,-117.6222,150,2020,1,20,6,HE,25,6,L,25483.43039
OPAL-8,52.75056448,-117.6222,150,2020,-99999,-99999,0,HE,50,8,N,22561.1672
OPAL-8,52.75056448,-117.6222,150,2020,-99999,-99999,0,,-99999,0,N,2417.599984
OPAL-8,52.75056448,-117.6222,150,2020,1,10,3,HE,25,6,N,15292.15988
OPAL-9,52.7479422,-117.6217,150,2020,0.5,25,6,HE,30,6,M,16590.28324
OPAL-9,52.7479422,-117.6217,150,2020,1,20,6,HE,25,6,L,35236.76458
OPAL-9,52.7479422,-117.6217,150,2020,-99999,-99999,0,,-99999,0,N,18521.25153
POBOKTAN-1,52.39019914,-117.1802,150,2020,0.3,15,3,HE,50,8,L,22527.34776
POBOKTAN-1,52.39019914,-117.1802,150,2020,0.5,60,8,HE,25,8,L,1463.799669
POBOKTAN-1,52.39019914,-117.1802,150,2020,0.3,46,8,HE,25,8,,46694.18672
POBOKTAN-10,52.38189066,-117.1416,150,2020,-99999,-99999,0,,-99999,0,L,15629.81967
POBOKTAN-10,52.38189066,-117.1416,150,2020,0.5,43,8,HE,35,8,,55055.48044
POBOKTAN-2,52.38869442,-117.1765,150,2020,0.3,15,3,HE,50,8,L,31131.19049
POBOKTAN-2,52.38869442,-117.1765,150,2020,0.3,46,8,HE,25,8,,39554.04013
POBOKTAN-3,52.38642468,-117.1732,150,2020,0.3,15,3,HE,50,8,L,27016.25302
POBOKTAN-3,52.38642468,-117.1732,150,2020,0.3,46,8,HE,25,8,,43668.88949
POBOKTAN-4,52.38614372,-117.1686,150,2020,0.3,46,8,HE,25,8,,14303.19655
POBOKTAN-4,52.38614372,-117.1686,150,2020,0.4,68,8,HE,12,3,,56382.07427
POBOKTAN-5,52.38628495,-117.1641,150,2020,0.3,46,8,HE,25,8,,795.7151106
POBOKTAN-5,52.38628495,-117.1641,150,2020,0.5,43,8,HE,35,8,,2901.594155
POBOKTAN-5,52.38628495,-117.1641,150,2020,0.4,68,8,HE,12,3,,66987.77397
POBOKTAN-6,52.38533814,-117.1596,150,2020,0.5,43,8,HE,35,8,,59662.94242
POBOKTAN-6,52.38533814,-117.1596,150,2020,0.4,68,8,HE,12,3,,11022.46998
POBOKTAN-7,52.38491284,-117.1548,150,2020,0.5,43,8,HE,35,8,,70350.31353
POBOKTAN-7,52.38491284,-117.1548,150,2020,0.4,68,8,HE,12,3,,335.2763575
POBOKTAN-8,52.38404715,-117.1499,150,2020,0.5,43,8,HE,35,8,,70685.83471
POBOKTAN-9,52.38297335,-117.1458,150,2020,-99999,-99999,0,,-99999,0,L,2992.297468
POBOKTAN-9,52.38297335,-117.1458,150,2020,0.5,43,8,HE,35,8,,67692.99341
PYRAMID-1,52.90577721,-118.0877,150,2020,0.5,15,8,HE,10,3,L,42061.14443
PYRAMID-1,52.90577721,-118.0877,150,2020,0.7,25,8,HE,35,8,L,28213.18652
PYRAMID-1,52.90577721,-118.0877,150,2020,0.5,10,3,HE,10,3,L,410.9739545
PYRAMID-10,52.91838745,-118.0642,150,2020,1.5,25,8,HE,5,3,L,8157.56357
PYRAMID-10,52.91838745,-118.0642,150,2020,1.8,20,8,HE,10,3,L,33772.74563
PYRAMID-10,52.91838745,-118.0642,150,2020,0.5,5,3,HE,25,8,L,9481.058568
PYRAMID-10,52.91838745,-118.0642,150,2020,1.2,20,8,HE,10,3,L,8081.092008
PYRAMID-10,52.91838745,-118.0642,150,2020,0.5,15,8,HE,5,3,L,10634.77716
PYRAMID-10,52.91838745,-118.0642,150,2020,0.5,15,8,HE,20,8,L,0.00511141
PYRAMID-10,52.91838745,-118.0642,150,2020,1,20,8,HE,5,3,L,558.1138964
PYRAMID-2,52.90854416,-118.0869,150,2020,0.7,30,8,HE,10,3,L,77.41447873
PYRAMID-2,52.90854416,-118.0869,150,2020,0.5,15,8,HE,10,3,L,52583.58959
PYRAMID-2,52.90854416,-118.0869,150,2020,0.7,5,3,HE,5,3,L,1704.714534
PYRAMID-2,52.90854416,-118.0869,150,2020,0.7,25,8,HE,10,3,L,16319.49465
PYRAMID-3,52.91173037,-118.0885,150,2022,1,15,3,HG,10,3,L,43523.27586
PYRAMID-3,52.91173037,-118.0885,150,2020,0.7,25,8,HE,15,3,L,15823.05544
PYRAMID-3,52.91173037,-118.0885,150,2020,0.5,15,8,HE,10,3,L,10043.72908
PYRAMID-3,52.91173037,-118.0885,150,2020,0.7,5,3,HE,5,3,L,287.415728
PYRAMID-4,52.91401327,-118.0866,150,2020,1.5,20,8,HE,10,3,L,26238.34014
PYRAMID-4,52.91401327,-118.0866,150,2022,1,15,3,HG,10,3,L,14879.03739
PYRAMID-4,52.91401327,-118.0866,150,2020,0.5,35,8,HE,20,8,L,4093.466734
PYRAMID-4,52.91401327,-118.0866,150,2020,0.7,25,8,HE,15,3,L,22707.17551
PYRAMID-4,52.91401327,-118.0866,150,2020,-99999,-99999,0,,-99999,0,,1759.449537
PYRAMID-5,52.91377002,-118.0817,150,2020,1.5,20,8,HE,10,3,L,3832.904414
PYRAMID-5,52.91377002,-118.0817,150,2020,0.5,5,3,HE,10,3,L,4323.173823
PYRAMID-5,52.91377002,-118.0817,150,2020,0.5,35,8,HE,20,8,L,19463.65351
PYRAMID-5,52.91377002,-118.0817,150,2020,0.7,25,8,HE,15,3,L,3355.880259
PYRAMID-5,52.91377002,-118.0817,150,2020,-99999,-99999,0,,-99999,0,,8834.627916
PYRAMID-5,52.91377002,-118.0817,150,2020,1,25,8,HE,10,3,L,15485.07592
PYRAMID-5,52.91377002,-118.0817,150,2020,1,20,8,HE,5,3,L,15390.0239
PYRAMID-6,52.91230353,-118.0779,150,2020,1.5,35,8,HE,5,3,L,14319.74028
PYRAMID-6,52.91230353,-118.0779,150,2020,0.7,25,8,HE,5,3,L,20544.76597
PYRAMID-6,52.91230353,-118.0779,150,2020,1,25,8,HE,10,3,L,16012.05799
PYRAMID-6,52.91230353,-118.0779,150,2020,0.8,20,8,HE,25,8,L,15137.03356
PYRAMID-6,52.91230353,-118.0779,150,2020,1,20,8,HE,5,3,L,1012.157969
PYRAMID-6,52.91230353,-118.0779,150,2020,0.7,30,8,HE,10,3,L,3571.571316
PYRAMID-7,52.91329393,-118.0738,150,2020,1,15,8,HE,10,3,L,22654.90302
PYRAMID-7,52.91329393,-118.0738,150,2020,1.5,35,8,HE,5,3,L,928.5738999
PYRAMID-7,52.91329393,-118.0738,150,2020,2,5,8,HE,10,3,L,16469.6212
PYRAMID-7,52.91329393,-118.0738,150,2020,0.7,25,8,HE,5,3,L,22172.80793
PYRAMID-7,52.91329393,-118.0738,150,2020,0.8,20,8,HE,25,8,L,5220.407656
PYRAMID-7,52.91329393,-118.0738,150,2020,0.5,10,3,HE,40,8,N,263.831494
PYRAMID-7,52.91329393,-118.0738,150,2020,-99999,-99999,0,HE,35,8,N,1108.161779
PYRAMID-7,52.91329393,-118.0738,150,2020,1,25,8,HE,5,3,L,1778.981245
PYRAMID-8,52.91309444,-118.069,150,2020,0.5,5,3,HE,30,3,L,1955.012775
PYRAMID-8,52.91309444,-118.069,150,2020,2,5,8,HE,10,3,L,45139.9302
PYRAMID-8,52.91309444,-118.069,150,2020,0.5,10,3,HE,40,8,N,15653.18297
PYRAMID-8,52.91309444,-118.069,150,2020,-99999,-99999,0,HE,35,8,N,7937.083615
PYRAMID-9,52.91561128,-118.065,150,2020,0.5,15,8,HE,20,8,L,29715.09911
PYRAMID-9,52.91561128,-118.065,150,2020,1,20,8,HE,5,3,L,25768.15824
PYRAMID-9,52.91561128,-118.065,150,2020,0.5,5,3,HE,30,3,L,15201.93563
SULPHUR-1,53.11740367,-117.7688,150,2020,-99999,-99999,0,,-99999,0,L,19226.017
SULPHUR-1,53.11740367,-117.7688,150,2020,0.5,15,6,HE,10,3,L,12812.97777
SULPHUR-1,53.11740367,-117.7688,150,2020,-99999,-99999,0,,-99999,0,L,7254.89316
SULPHUR-1,53.11740367,-117.7688,150,2020,0.7,5,3,,-99999,0,L,28645.16631
SULPHUR-1,53.11740367,-117.7688,150,2020,-99999,-99999,0,,-99999,0,L,2746.252793
SULPHUR-2,53.11545504,-117.7657,150,2020,0.7,5,3,,-99999,0,L,19477.10905
SULPHUR-2,53.11545504,-117.7657,150,2020,-99999,-99999,0,,-99999,0,L,22559.8996
SULPHUR-2,53.11545504,-117.7657,150,2020,0.6,15,3,,-99999,0,L,28648.23135
SULPHUR-3,53.11404336,-117.7616,150,2020,0.5,15,6,,-99999,0,L,2631.751429
SULPHUR-3,53.11404336,-117.7616,150,2020,-99999,-99999,0,,-99999,0,L,37137.64368
SULPHUR-3,53.11404336,-117.7616,150,2020,0.5,10,3,HE,75,8,N,7948.719104
SULPHUR-3,53.11404336,-117.7616,150,2020,0.6,15,3,,-99999,0,L,19756.10756
SULPHUR-3,53.11404336,-117.7616,150,2020,0.3,5,3,HE,10,3,N,2312.85421
SULPHUR-3,53.11404336,-117.7616,150,2020,0.5,15,3,,-99999,0,L,199.0112233
SULPHUR-4,53.11272724,-117.7579,150,2020,-99999,-99999,0,,-99999,0,L,23214.91488
SULPHUR-4,53.11272724,-117.7579,150,2020,0.3,5,3,HE,10,3,N,7477.841299
SULPHUR-4,53.11272724,-117.7579,150,2020,0.5,15,3,,-99999,0,L,17946.68222
SULPHUR-4,53.11272724,-117.7579,150,2020,-99999,-99999,0,,-99999,0,L,12773.28035
SULPHUR-4,53.11272724,-117.7579,150,2020,0.5,25,6,,-99999,0,L,5949.992114
SULPHUR-4,53.11272724,-117.7579,150,2020,1,25,6,,-99999,0,L,2623.205039
SULPHUR-5,53.11099,-117.754,150,2020,0.3,5,3,HE,10,3,N,5758.035742
SULPHUR-5,53.11099,-117.754,150,2020,-99999,-99999,0,,-99999,0,L,1488.927751
SULPHUR-5,53.11099,-117.754,150,2020,1,25,6,,-99999,0,L,41074.99019
SULPHUR-5,53.11099,-117.754,150,2020,1.5,70,8,HG,15,3,N,9915.054698
SULPHUR-5,53.11099,-117.754,150,2020,0.8,20,6,,-99999,0,L,371.4711602
SULPHUR-5,53.11099,-117.754,150,2020,0.5,5,3,,-99999,0,L,10633.23093
SULPHUR-6,53.11007973,-117.7501,150,2020,0.3,5,3,HE,10,3,N,13957.77788
SULPHUR-6,53.11007973,-117.7501,150,2020,1,15,6,HE,20,6,N,10.44325749
SULPHUR-6,53.11007973,-117.7501,150,2020,0.2,5,3,HE,5,3,N,4489.939516
SULPHUR-6,53.11007973,-117.7501,150,2020,0.3,5,3,HE,10,3,N,3418.014241
SULPHUR-6,53.11007973,-117.7501,150,2020,1.5,70,8,HG,15,3,N,746.1119762
SULPHUR-6,53.11007973,-117.7501,150,2020,0.8,20,6,,-99999,0,L,13980.13988
SULPHUR-6,53.11007973,-117.7501,150,2020,0.5,5,3,,-99999,0,L,32639.31664
SULPHUR-7,53.10938847,-117.7457,150,2020,0.5,20,3,HE,30,8,N,9155.75007
SULPHUR-7,53.10938847,-117.7457,150,2020,0.3,5,3,HE,10,3,N,115.7860084
SULPHUR-7,53.10938847,-117.7457,150,2020,1,15,6,HE,20,6,N,33295.90717
SULPHUR-7,53.10938847,-117.7457,150,2020,-99999,-99999,0,,-99999,0,N,29.07635316
SULPHUR-7,53.10938847,-117.7457,150,2020,-99999,-99999,0,,-99999,0,N,9315.22166
SULPHUR-7,53.10938847,-117.7457,150,2020,0.5,5,3,,-99999,0,L,11462.30671
SULPHUR-7,53.10938847,-117.7457,150,2020,1,25,6,,-99999,0,L,7311.241948
SULPHUR-8,53.10872446,-117.7412,150,2020,1,15,6,HE,20,6,N,32114.56071
SULPHUR-8,53.10872446,-117.7412,150,2020,-99999,-99999,0,,-99999,0,N,19296.20461
SULPHUR-8,53.10872446,-117.7412,150,2020,-99999,-99999,0,,-99999,0,N,8288.09232
SULPHUR-8,53.10872446,-117.7412,150,2020,1,30,8,,-99999,0,N,10986.46645
SULPHUR-9,53.10779843,-117.7369,150,2020,-99999,-99999,0,HE,30,8,N,8902.639561
SULPHUR-9,53.10779843,-117.7369,150,2020,-99999,-99999,0,HE,30,8,N,158.2008621
SULPHUR-9,53.10779843,-117.7369,150,2020,1,15,6,HE,20,6,N,1480.797898
SULPHUR-9,53.10779843,-117.7369,150,2020,-99999,-99999,0,,-99999,0,N,7677.505593
SULPHUR-9,53.10779843,-117.7369,150,2020,1,30,8,,-99999,0,N,26127.08216
SULPHUR-9,53.10779843,-117.7369,150,2020,-99999,-99999,0,,-99999,0,N,8157.243948
SULPHUR-9,53.10779843,-117.7369,150,2020,-99999,-99999,0,,-99999,0,N,3705.103812
SULPHUR-9,53.10779843,-117.7369,150,2020,-99999,-99999,0,,-99999,0,N,12078.5155
SULPHUR-9,53.10779843,-117.7369,150,2020,-99999,-99999,0,,-99999,0,N,1768.17764
SULPHUR-9,53.10779843,-117.7369,150,2020,-99999,-99999,0,,-99999,0,N,630.0012692
SUNWAPTA-1,52.52920252,-117.6404,150,2020,1,40,6,,-99999,0,L,2725.243095
SUNWAPTA-1,52.52920252,-117.6404,150,2020,0.4,20,6,HE,25,3,N,26.21752873
SUNWAPTA-1,52.52920252,-117.6404,150,2020,0.7,45,6,,-99999,0,L,30468.60377
SUNWAPTA-1,52.52920252,-117.6404,150,2020,0.4,10,3,,-99999,0,L,15254.37787
SUNWAPTA-1,52.52920252,-117.6404,150,2020,0.6,40,6,HE,10,3,L,21546.7148
SUNWAPTA-1,52.52920252,-117.6404,150,2020,0.6,40,6,HE,30,6,L,30.07703976
SUNWAPTA-1,52.52920252,-117.6404,150,2020,1,45,6,,-99999,0,L,634.0594189
SUNWAPTA-10,52.50596437,-117.6467,150,2022,1,45,6,HE,10,3,L,26856.84672
SUNWAPTA-10,52.50596437,-117.6467,150,2020,1,45,6,,-99999,0,L,43828.40185
SUNWAPTA-2,52.52667697,-117.642,150,2020,0.7,45,6,,-99999,0,L,6080.227957
SUNWAPTA-2,52.52667697,-117.642,150,2020,0.4,10,3,,-99999,0,L,13842.38696
SUNWAPTA-2,52.52667697,-117.642,150,2020,0.6,40,6,HE,10,3,L,22057.60255
SUNWAPTA-2,52.52667697,-117.642,150,2020,0.6,40,6,HE,30,6,L,7899.212405
SUNWAPTA-2,52.52667697,-117.642,150,2020,1,50,8,,-99999,0,L,20805.82124
SUNWAPTA-3,52.52397163,-117.6435,150,2020,0.4,10,3,,-99999,0,L,50.22896326
SUNWAPTA-3,52.52397163,-117.6435,150,2020,0.6,50,6,HE,25,3,L,2143.162521
SUNWAPTA-3,52.52397163,-117.6435,150,2020,1,50,8,,-99999,0,L,28660.06076
SUNWAPTA-3,52.52397163,-117.6435,150,2020,0.6,10,6,,-99999,0,L,9281.133774
SUNWAPTA-3,52.52397163,-117.6435,150,2020,0.8,45,6,HE,10,3,L,26087.13763
SUNWAPTA-3,52.52397163,-117.6435,150,2020,1,35,6,,-99999,0,L,4463.664762
SUNWAPTA-4,52.52158564,-117.6458,150,2020,0.6,10,6,,-99999,0,L,41090.34536
SUNWAPTA-4,52.52158564,-117.6458,150,2020,0.6,35,6,,-99999,0,L,5431.766082
SUNWAPTA-4,52.52158564,-117.6458,150,2020,0.5,45,6,HE,15,3,L,17885.2542
SUNWAPTA-4,52.52158564,-117.6458,150,2020,0.6,35,6,,-99999,0,L,5123.182444
SUNWAPTA-4,52.52158564,-117.6458,150,2020,0.4,20,3,HE,60,8,N,1154.648267
SUNWAPTA-5,52.51952872,-117.6487,150,2020,0.6,35,6,,-99999,0,L,1628.612721
SUNWAPTA-5,52.51952872,-117.6487,150,2020,0.5,35,6,HE,20,3,L,14542.63438
SUNWAPTA-5,52.51952872,-117.6487,150,2020,0.5,25,6,HE,10,3,L,20813.56124
SUNWAPTA-5,52.51952872,-117.6487,150,2020,1,50,8,,-99999,0,L,17346.10508
SUNWAPTA-5,52.51952872,-117.6487,150,2020,0.6,35,6,,-99999,0,L,12894.47811
SUNWAPTA-5,52.51952872,-117.6487,150,2020,1,50,8,,-99999,0,L,3459.905755
SUNWAPTA-6,52.51681088,-117.6492,150,2020,0.5,35,6,HE,20,3,L,14830.63771
SUNWAPTA-6,52.51681088,-117.6492,150,2020,0.5,35,6,,-99999,0,L,21963.79832
SUNWAPTA-6,52.51681088,-117.6492,150,2020,1,50,8,,-99999,0,L,33890.91899
SUNWAPTA-7,52.51386984,-117.6495,150,2020,0.5,35,6,,-99999,0,L,13629.08276
SUNWAPTA-7,52.51386984,-117.6495,150,2020,1,50,8,,-99999,0,L,42601.88093
SUNWAPTA-7,52.51386984,-117.6495,150,2020,0.8,65,8,HE,10,3,L,14220.01217
SUNWAPTA-7,52.51386984,-117.6495,150,2020,0.8,55,8,,-99999,0,L,234.5265166
SUNWAPTA-8,52.51134303,-117.6479,150,2020,1,50,8,,-99999,0,L,8104.980943
SUNWAPTA-8,52.51134303,-117.6479,150,2020,0.8,55,8,,-99999,0,L,52491.98262
SUNWAPTA-8,52.51134303,-117.6479,150,2020,0.8,35,6,HE,10,3,L,10088.4777
SUNWAPTA-9,52.50861942,-117.6478,150,2022,1,45,6,HE,10,3,L,9992.145429
SUNWAPTA-9,52.50861942,-117.6478,150,2020,0.8,55,8,,-99999,0,L,2881.258904
SUNWAPTA-9,52.50861942,-117.6478,150,2020,0.8,35,6,HE,10,3,L,41562.18404
SUNWAPTA-9,52.50861942,-117.6478,150,2020,1,45,6,,-99999,0,L,16249.77291
TEKARRA-1,52.86128506,-118.0599,150,2020,-99999,-99999,0,,-99999,0,L,261.5031511
TEKARRA-1,52.86128506,-118.0599,150,2020,3.5,80,9,HG,19,1,L,21333.30393
TEKARRA-1,52.86128506,-118.0599,150,2020,0.5,65,9,HE,15,8,L,35471.2691
TEKARRA-1,52.86128506,-118.0599,150,2020,-99999,-99999,0,,-99999,0,L,8544.270376
TEKARRA-1,52.86128506,-118.0599,150,2020,0.5,60,9,HE,15,8,L,1137.881188
TEKARRA-1,52.86128506,-118.0599,150,2020,-99999,-99999,0,,-99999,0,L,1790.562634
TEKARRA-1,52.86128506,-118.0599,150,2020,0.5,60,9,HE,30,9,L,2146.428477
TEKARRA-10,52.85945294,-118.0424,150,2020,0.5,50,9,,-99999,0,L,25518.73677
TEKARRA-10,52.85945294,-118.0424,150,2020,0.4,75,9,HE,15,3,L,45166.62011
TEKARRA-2,52.86022928,-118.0553,150,2020,0.5,50,9,,-99999,0,L,1343.143905
TEKARRA-2,52.86022928,-118.0553,150,2020,0.5,55,9,,-99999,0,L,15164.21025
TEKARRA-2,52.86022928,-118.0553,150,2020,0.5,65,9,HE,15,8,L,25202.75723
TEKARRA-2,52.86022928,-118.0553,150,2020,-99999,-99999,0,,-99999,0,L,8964.928935
TEKARRA-2,52.86022928,-118.0553,150,2020,0.5,65,9,HE,20,9,L,10.86773165
TEKARRA-2,52.86022928,-118.0553,150,2020,1.5,45,9,HG,40,9,L,3870.66684
TEKARRA-2,52.86022928,-118.0553,150,2020,-99999,-99999,0,,-99999,0,L,8374.293945
TEKARRA-2,52.86022928,-118.0553,150,2020,0.5,60,9,,-99999,0,L,6148.490679
TEKARRA-2,52.86022928,-118.0553,150,2020,0.5,80,9,HE,15,9,L,1507.038171
TEKARRA-3,52.86008871,-118.0509,150,2020,0.5,50,9,,-99999,0,L,30.97076692
TEKARRA-3,52.86008871,-118.0509,150,2020,0.5,55,9,,-99999,0,L,3390.57805
TEKARRA-3,52.86008871,-118.0509,150,2020,0.5,65,9,HE,20,9,L,28284.85939
TEKARRA-3,52.86008871,-118.0509,150,2020,0.5,15,3,,-99999,0,L,11020.71785
TEKARRA-3,52.86008871,-118.0509,150,2020,1.5,45,9,HG,40,9,L,22836.18792
TEKARRA-3,52.86008871,-118.0509,150,2020,-99999,-99999,0,,-99999,0,L,3760.709831
TEKARRA-3,52.86008871,-118.0509,150,2020,0.5,60,9,,-99999,0,L,1034.734163
TEKARRA-4,52.85796331,-118.0483,150,2020,0.5,65,9,HE,20,9,L,8771.010767
TEKARRA-4,52.85796331,-118.0483,150,2020,0.5,15,3,,-99999,0,L,13067.11134
TEKARRA-4,52.85796331,-118.0483,150,2020,0.5,60,8,HE,25,8,L,6824.099722
TEKARRA-4,52.85796331,-118.0483,150,2020,1.5,45,9,HG,40,9,L,23026.8429
TEKARRA-4,52.85796331,-118.0483,150,2020,-99999,-99999,0,,-99999,0,L,767.1145331
TEKARRA-4,52.85796331,-118.0483,150,2020,0.5,60,9,,-99999,0,L,1149.684297
TEKARRA-4,52.85796331,-118.0483,150,2020,0.5,80,9,HE,15,9,L,3462.982805
TEKARRA-4,52.85796331,-118.0483,150,2020,-99999,-99999,0,,-99999,0,L,13388.87903
TEKARRA-5,52.85183061,-118.0464,150,2020,0.5,60,9,,-99999,0,L,4943.229474
TEKARRA-5,52.85183061,-118.0464,150,2020,0.5,60,9,HE,15,8,L,13693.01937
TEKARRA-5,52.85183061,-118.0464,150,2020,0.4,75,9,HE,15,8,L,34816.82561
TEKARRA-5,52.85183061,-118.0464,150,2020,1.2,40,9,HG,20,9,L,14220.0706
TEKARRA-5,52.85183061,-118.0464,150,2020,1.5,70,9,HG,25,9,L,3012.116204
TEKARRA-6,52.84866317,-118.0416,150,2020,0.5,60,9,,-99999,0,L,1477.622382
TEKARRA-6,52.84866317,-118.0416,150,2020,0.5,60,9,HE,15,8,L,21715.14216
TEKARRA-6,52.84866317,-118.0416,150,2020,0.4,75,9,HE,15,8,L,34485.958
TEKARRA-6,52.84866317,-118.0416,150,2020,1.5,70,9,HG,25,9,L,13006.65828
TEKARRA-7,52.85110432,-118.039,150,2020,0.5,60,9,,-99999,0,L,64217.91838
TEKARRA-7,52.85110432,-118.039,150,2020,0.4,75,9,HE,15,8,L,6467.377234
TEKARRA-8,52.85392676,-118.0391,150,2020,0.5,60,9,,-99999,0,L,43893.47445
TEKARRA-8,52.85392676,-118.0391,150,2020,0.4,60,9,HE,20,8,L,13210.96126
TEKARRA-8,52.85392676,-118.0391,150,2020,0.4,75,9,HE,15,8,L,13580.71394
TEKARRA-9,52.85667568,-118.0403,150,2020,0.5,50,9,,-99999,0,L,925.9161875
TEKARRA-9,52.85667568,-118.0403,150,2020,0.4,75,9,HE,15,3,L,11250.08621
TEKARRA-9,52.85667568,-118.0403,150,2020,0.5,15,3,,-99999,0,L,15805.29552
TEKARRA-9,52.85667568,-118.0403,150,2020,0.5,60,8,HE,25,8,L,5035.466381
TEKARRA-9,52.85667568,-118.0403,150,2020,0.5,60,9,,-99999,0,L,28529.15633
TEKARRA-9,52.85667568,-118.0403,150,2020,0.5,55,9,HE,15,3,L,8555.605463
TEKARRA-9,52.85667568,-118.0403,150,2020,0.4,60,9,HE,20,8,L,583.6587896
VALLEY5-1,52.81101116,-118.0159,150,2020,4,77,9,HG,15,3,L,4430.272206
VALLEY5-1,52.81101116,-118.0159,150,2020,0.4,60,9,,-99999,0,L,27089.94943
VALLEY5-1,52.81101116,-118.0159,150,2020,0.5,80,9,HE,10,3,M,3715.864381
VALLEY5-1,52.81101116,-118.0159,150,2020,0.5,65,9,,-99999,0,L,27848.55073
VALLEY5-1,52.81101116,-118.0159,150,2020,0.5,40,9,HE,20,9,L,7094.01707
VALLEY5-10,52.79787948,-117.9824,150,2020,0.4,20,3,HG,50,8,N,38753.1288
VALLEY5-10,52.79787948,-117.9824,150,2020,0.4,20,6,HE,60,8,L,31843.50093
VALLEY5-2,52.81090412,-118.0116,150,2020,0.5,20,8,HG,50,8,L,15578.62839
VALLEY5-2,52.81090412,-118.0116,150,2020,4,77,9,HG,15,3,L,20052.60268
VALLEY5-2,52.81090412,-118.0116,150,2020,0.3,15,8,HG,75,9,L,20065.84777
VALLEY5-2,52.81090412,-118.0116,150,2020,0.4,60,9,,-99999,0,L,6099.660866
VALLEY5-2,52.81090412,-118.0116,150,2020,0.5,60,9,HG,10,3,L,8382.21853
VALLEY5-3,52.80854202,-118.0092,150,2020,4,77,9,HG,15,3,L,18376.99391
VALLEY5-3,52.80854202,-118.0092,150,2020,0.3,15,8,HG,75,9,L,1502.42778
VALLEY5-3,52.80854202,-118.0092,150,2020,0.4,60,9,,-99999,0,L,2711.32111
VALLEY5-3,52.80854202,-118.0092,150,2020,0.5,60,9,HG,10,3,L,47491.51091
VALLEY5-3,52.80854202,-118.0092,150,2020,-99999,-99999,0,,-99999,0,L,603.0557431
VALLEY5-4,52.80613507,-118.0068,150,2020,4,77,9,HG,15,3,L,24754.77007
VALLEY5-4,52.80613507,-118.0068,150,2020,0.5,60,9,HG,10,3,L,25214.16201
VALLEY5-4,52.80613507,-118.0068,150,2020,-99999,-99999,0,,-99999,0,L,624.8371917
VALLEY5-4,52.80613507,-118.0068,150,2020,-99999,-99999,0,,-99999,0,L,3447.993505
VALLEY5-4,52.80613507,-118.0068,150,2020,0.5,10,3,HE,20,8,L,16643.49143
VALLEY5-5,52.80405996,-118.0039,150,2020,-99999,-99999,0,HE,20,3,N,3619.545092
VALLEY5-5,52.80405996,-118.0039,150,2020,4,77,9,HG,15,3,L,26669.29876
VALLEY5-5,52.80405996,-118.0039,150,2020,0.5,60,9,HG,10,3,L,16665.24742
VALLEY5-5,52.80405996,-118.0039,150,2020,-99999,-99999,0,,-99999,0,L,6257.692894
VALLEY5-5,52.80405996,-118.0039,150,2020,0.5,10,3,HE,20,8,L,16468.66536
VALLEY5-5,52.80405996,-118.0039,150,2020,-99999,-99999,0,,-99999,0,L,1004.772438
VALLEY5-6,52.80245357,-117.9999,150,2020,0.4,20,6,HE,30,6,N,1024.985899
VALLEY5-6,52.80245357,-117.9999,150,2020,0.4,25,6,HE,40,8,N,2786.698931
VALLEY5-6,52.80245357,-117.9999,150,2020,-99999,-99999,0,HE,20,3,N,31870.70067
VALLEY5-6,52.80245357,-117.9999,150,2020,4,77,9,HG,15,3,L,17045.25348
VALLEY5-6,52.80245357,-117.9999,150,2020,0.5,60,9,HG,10,3,L,6574.563667
VALLEY5-6,52.80245357,-117.9999,150,2020,-99999,-99999,0,,-99999,0,L,7153.090418
VALLEY5-6,52.80245357,-117.9999,150,2020,-99999,-99999,0,,-99999,0,L,4229.871658
VALLEY5-7,52.80139368,-117.9955,150,2020,0.4,25,6,HE,40,8,N,2144.199481
VALLEY5-7,52.80139368,-117.9955,150,2020,-99999,-99999,0,HE,20,3,N,32088.57667
VALLEY5-7,52.80139368,-117.9955,150,2020,0.4,25,3,HE,55,8,L,18174.70047
VALLEY5-7,52.80139368,-117.9955,150,2020,4,77,9,HG,15,3,L,17494.91241
VALLEY5-7,52.80139368,-117.9955,150,2020,-99999,-99999,0,,-99999,0,L,782.9842692
VALLEY5-8,52.79979198,-117.9903,150,2020,0.4,25,6,HE,40,8,N,10470.47651
VALLEY5-8,52.79979198,-117.9903,150,2020,-99999,-99999,0,HE,20,3,N,15477.69295
VALLEY5-8,52.79979198,-117.9903,150,2020,0.4,25,3,HE,55,8,L,68.92118913
VALLEY5-8,52.79979198,-117.9903,150,2020,0.4,20,3,HG,50,8,N,2483.583139
VALLEY5-8,52.79979198,-117.9903,150,2020,8,40,6,HE,15,3,N,14482.94341
VALLEY5-8,52.79979198,-117.9903,150,2020,0.4,20,6,HE,60,8,L,17848.15282
VALLEY5-8,52.79979198,-117.9903,150,2020,0.3,20,6,HE,50,8,L,8232.313347
VALLEY5-9,52.79868113,-117.9866,150,2020,0.4,20,3,HG,50,8,N,2847.895929
VALLEY5-9,52.79868113,-117.9866,150,2020,0.4,20,6,HE,60,8,L,66127.1897
WATCHTOWER-1,52.87399211,-117.8365,150,2020,1,40,6,HE,50,6,H,251.4988706
WATCHTOWER-1,52.87399211,-117.8365,150,2020,0.5,35,8,HE,60,8,H,70433.82348
WATCHTOWER-10,52.853307,-117.8131,150,2020,-99999,-99999,0,,-99999,0,N,12381.99816
WATCHTOWER-10,52.853307,-117.8131,150,2020,-99999,-99999,0,,-99999,0,N,19030.20249
WATCHTOWER-10,52.853307,-117.8131,150,2020,-99999,-99999,0,,-99999,0,N,4805.560098
WATCHTOWER-10,52.853307,-117.8131,150,2020,0.5,25,6,,-99999,0,L,34467.60638
WATCHTOWER-2,52.87210844,-117.832,150,2020,0.5,35,8,HE,60,8,H,70685.83471
WATCHTOWER-3,52.86986277,-117.8292,150,2020,0.5,35,8,HE,60,8,H,40553.50213
WATCHTOWER-3,52.86986277,-117.8292,150,2020,-99999,-99999,0,,-99999,0,N,30131.92184
WATCHTOWER-4,52.86839786,-117.8253,150,2020,0.5,35,8,HE,60,8,H,63748.90554
WATCHTOWER-4,52.86839786,-117.8253,150,2020,-99999,-99999,0,,-99999,0,N,6828.508186
WATCHTOWER-4,52.86839786,-117.8253,150,2020,1,10,3,,-99999,0,N,16.41929439
WATCHTOWER-5,52.86612125,-117.823,150,2020,0.5,35,8,HE,60,8,H,28404.13099
WATCHTOWER-5,52.86612125,-117.823,150,2020,1,10,3,,-99999,0,N,6708.478762
WATCHTOWER-5,52.86612125,-117.823,150,2020,1,10,3,HE,10,3,N,30700.24857
WATCHTOWER-5,52.86612125,-117.823,150,2020,0.5,20,6,HE,40,8,N,4780.970784
WATCHTOWER-6,52.86349813,-117.8214,150,2020,1,10,3,,-99999,0,N,250.0009236
WATCHTOWER-6,52.86349813,-117.8214,150,2020,1,10,3,HE,10,3,N,1285.285571
WATCHTOWER-6,52.86349813,-117.8214,150,2020,0.4,10,3,HE,50,8,N,107.7433404
WATCHTOWER-6,52.86349813,-117.8214,150,2020,0.5,20,6,HE,40,8,N,57056.4611
WATCHTOWER-6,52.86349813,-117.8214,150,2020,-99999,-99999,0,,-99999,0,N,708.1912443
WATCHTOWER-6,52.86349813,-117.8214,150,2022,-99999,-99999,0,,-99999,0,N,11277.48528
WATCHTOWER-7,52.86071341,-117.8198,150,2020,0.5,20,6,HE,40,8,N,22457.19196
WATCHTOWER-7,52.86071341,-117.8198,150,2020,0.4,20,6,HE,20,6,N,923.8898412
WATCHTOWER-7,52.86071341,-117.8198,150,2022,-99999,-99999,0,,-99999,0,N,47304.03746
WATCHTOWER-8,52.85810899,-117.8181,150,2022,-99999,-99999,0,,-99999,0,N,66982.77035
WATCHTOWER-8,52.85810899,-117.8181,150,2020,-99999,-99999,0,,-99999,0,N,3702.733397
WATCHTOWER-9,52.85567924,-117.8159,150,2022,-99999,-99999,0,,-99999,0,N,10366.36645
WATCHTOWER-9,52.85567924,-117.8159,150,2020,-99999,-99999,0,,-99999,0,N,45426.64639
WATCHTOWER-9,52.85567924,-117.8159,150,2020,-99999,-99999,0,,-99999,0,N,14892.59241
WILCOX-1,52.26999326,-117.2593,150,2020,0.2,7,3,HE,4,3,L,655.429259
WILCOX-1,52.26999326,-117.2593,150,2020,0.3,34,8,HE,12,3,L,40485.98624
WILCOX-1,52.26999326,-117.2593,150,2020,0.7,52,8,,-99999,0,L,964.2780299
WILCOX-1,52.26999326,-117.2593,150,2020,0.6,65,8,HG,25,8,N,28579.4758
WILCOX-10,52.26282522,-117.248,150,2020,0.3,2,3,HE,1,3,,24850.99
WILCOX-10,52.26282522,-117.248,150,2020,0.3,14,5,HE,3,3,,43770.44256
WILCOX-10,52.26282522,-117.248,150,2020,0.2,6,3,HE,20,8,,2064.106375
WILCOX-2,52.26774255,-117.2567,150,2020,0.3,34,8,HE,12,3,L,8296.569196
WILCOX-2,52.26774255,-117.2567,150,2020,0.7,52,8,,-99999,0,L,51678.76739
WILCOX-2,52.26774255,-117.2567,150,2020,0.6,65,8,HG,25,8,N,10255.60077
WILCOX-3,52.2653729,-117.2549,150,2020,2.3,59,8,HE,23,8,N,8049.75173
WILCOX-3,52.2653729,-117.2549,150,2020,0.7,52,8,,-99999,0,L,51475.75337
WILCOX-3,52.2653729,-117.2549,150,2020,-99999,-99999,0,,-99999,0,,7476.693375
WILCOX-3,52.2653729,-117.2549,150,2020,1.8,75,9,,-99999,0,N,3228.754157
WILCOX-4,52.26263403,-117.2533,150,2020,-99999,-99999,0,,-99999,0,,11.9973687
WILCOX-4,52.26263403,-117.2533,150,2020,0.3,2,3,HE,1,3,,5163.91318
WILCOX-4,52.26263403,-117.2533,150,2020,2.3,59,8,HE,23,8,N,43579.32337
WILCOX-4,52.26263403,-117.2533,150,2020,0.2,6,3,HE,20,8,,134.0581515
WILCOX-4,52.26263403,-117.2533,150,2020,-99999,-99999,0,,-99999,0,,21796.01849
WILCOX-5,52.26033789,-117.2508,150,2020,-99999,-99999,0,,-99999,0,,9563.734422
WILCOX-5,52.26033789,-117.2508,150,2020,0.3,2,3,HE,1,3,,1083.366699
WILCOX-5,52.26033789,-117.2508,150,2020,2.3,59,8,HE,23,8,N,28414.22023
WILCOX-5,52.26033789,-117.2508,150,2020,0.2,6,3,HE,20,8,,31623.90311
WILCOX-6,52.25814996,-117.2481,150,2020,-99999,-99999,0,,-99999,0,,36683.58942
WILCOX-6,52.25814996,-117.2481,150,2020,2.3,59,8,HE,23,8,N,29293.58691
WILCOX-6,52.25814996,-117.2481,150,2020,0.2,6,3,HE,20,8,,4022.522268
WILCOX-7,52.25653837,-117.2448,150,2020,-99999,-99999,0,,-99999,0,,37516.68244
WILCOX-7,52.25653837,-117.2448,150,2020,2.3,59,8,HE,23,8,N,28595.63897
WILCOX-7,52.25653837,-117.2448,150,2020,0.2,6,3,HE,20,8,,3887.269214
WILCOX-8,52.25868406,-117.242,150,2020,-99999,-99999,0,,-99999,0,,1780.381392
WILCOX-8,52.25868406,-117.242,150,2020,0.3,14,5,HE,3,3,,5379.444166
WILCOX-8,52.25868406,-117.242,150,2020,2.3,59,8,HE,23,8,N,4134.920443
WILCOX-8,52.25868406,-117.242,150,2020,0.2,6,3,HE,20,8,,59287.02435
WILCOX-9,52.26077316,-117.2447,150,2020,0.3,2,3,HE,1,3,,235.8676746
WILCOX-9,52.26077316,-117.2447,150,2020,0.3,14,5,HE,3,3,,28073.05459
WILCOX-9,52.26077316,-117.2447,150,2020,0.2,6,3,HE,20,8,,42272.95093
CAVELL-3,52.67722693,-118.0337,150,2020,0.4,35,8,HE,50,9,L,395.5336225
CAVELL-4,52.67983697,-118.0333,150,2020,0.4,35,8,HE,50,9,L,395.5336225
CAVELL-4,52.67983697,-118.0333,150,2020,0.4,15,3,HE,25,8,L,1492.205401
CAVELL-5,52.68107347,-118.0297,150,2020,0.4,15,3,HE,25,8,L,1492.205401
COTTONWOOD-5,52.89257202,-118.1102,150,2020,1,25,8,HE,5,3,L,39.84704188
COTTONWOOD-6,52.89496397,-118.1122,150,2020,1,25,8,HE,5,3,L,39.84704188
ELYSIUM-2,52.88633061,-118.2657,150,2022,1,35,8,HE,10,3,M,57.62089454
ELYSIUM-3,52.8882395,-118.2688,150,2022,1,35,8,HE,10,3,M,57.62089454
ELYSIUM-5,52.8922199,-118.2749,150,2020,1,40,8,HE,5,3,L,67.99983547
ELYSIUM-6,52.89418328,-118.2779,150,2020,1,40,8,HE,5,3,L,67.99983547
FIDDLE-1,53.03090385,-117.5446,150,2020,0.3,5,3,HE,80,8,,433.0506853
FIDDLE-2,53.03337065,-117.5438,150,2020,0.3,5,3,HE,80,8,,433.0506853
FIDDLE-1,53.03090385,-117.5446,150,2020,1,30,8,HE,25,3,N,1054.675572
FIDDLE-2,53.03337065,-117.5438,150,2020,1,30,8,HE,25,3,N,1054.675572
FIDDLE-10,53.02978344,-117.5114,150,2020,0.5,10,3,HE,80,8,,759.7765139
FIDDLE-9,53.03084568,-117.5153,150,2020,0.5,10,3,HE,80,8,,759.7765139
FIDDLE-2,53.03337065,-117.5438,150,2020,0.5,20,6,HE,25,8,N,3830.398545
FIDDLE-3,53.03512565,-117.5414,150,2020,0.5,20,6,HE,25,8,N,3830.398545
FIDDLE-2,53.03337065,-117.5438,150,2020,0.5,20,6,,-99999,0,N,1302.860019
FIDDLE-3,53.03512565,-117.5414,150,2020,0.5,20,6,,-99999,0,N,1302.860019
FIDDLE-4,53.03482281,-117.5368,150,2020,0.3,20,6,HE,40,8,N,400.9309669
FIDDLE-5,53.03556888,-117.5328,150,2020,0.3,20,6,HE,40,8,N,400.9309669
FIDDLE-4,53.03482281,-117.5368,150,2020,0.4,20,3,HE,60,8,N,719.9337802
FIDDLE-5,53.03556888,-117.5328,150,2020,0.4,20,3,HE,60,8,N,719.9337802
FIDDLE-4,53.03482281,-117.5368,150,2020,0.3,5,3,HE,80,8,,242.2867908
FIDDLE-5,53.03556888,-117.5328,150,2020,0.3,5,3,HE,80,8,,242.2867908
FIDDLE-5,53.03556888,-117.5328,150,2020,0.4,20,3,HE,60,8,N,507.9935384
FIDDLE-6,53.03525498,-117.5286,150,2020,0.4,20,3,HE,60,8,N,507.9935384
FIDDLE-5,53.03556888,-117.5328,150,2020,0.3,5,3,HE,50,6,,548.5901697
FIDDLE-6,53.03525498,-117.5286,150,2020,0.3,5,3,HE,50,6,,548.5901697
MAJESTIC-8,52.73641842,-118.2443,150,2020,0.3,45,9,HE,37,9,,10018.50354
MAJESTIC-9,52.73723206,-118.2413,150,2020,0.3,45,9,HE,37,9,,10018.50354
MAJESTIC-8,52.73641842,-118.2443,150,2020,0.5,75,9,,-99999,0,L,666.4886602
MAJESTIC-9,52.73723206,-118.2413,150,2020,0.5,75,9,,-99999,0,L,666.4886602
MAJESTIC-8,52.73641842,-118.2443,150,2020,0.5,37,8,HE,28,8,N,140.1094671
MAJESTIC-9,52.73723206,-118.2413,150,2020,0.5,37,8,HE,28,8,N,140.1094671
MUSHROOM-5,53.05649699,-118.0757,150,2020,2,25,6,,-99999,0,N,144.1354149
MUSHROOM-7,53.05832701,-118.0789,150,2020,2,25,6,,-99999,0,N,144.1354149
OPAL-1,52.74501557,-117.614,150,2020,-99999,-99999,0,,-99999,0,N,22.52927662
OPAL-2,52.74313476,-117.6109,150,2020,-99999,-99999,0,,-99999,0,N,22.52927662
OPAL-1,52.74501557,-117.614,150,2020,-99999,-99999,0,HE,25,4,N,111.6849851
OPAL-2,52.74313476,-117.6109,150,2020,-99999,-99999,0,HE,25,4,N,111.6849851
OPAL-10,52.74553207,-117.6236,150,2020,0.5,25,6,HE,30,6,M,76.31494629
OPAL-9,52.7479422,-117.6217,150,2020,0.5,25,6,HE,30,6,M,76.31494629
OPAL-3,52.74895314,-117.6123,150,2020,0.3,20,3,HE,77,8,,18.52190028
OPAL-4,52.75143435,-117.614,150,2020,0.3,20,3,HE,77,8,,18.52190028
OPAL-8,52.75056448,-117.6222,150,2020,1,20,6,HE,25,6,L,132.4787355
OPAL-9,52.7479422,-117.6217,150,2020,1,20,6,HE,25,6,L,132.4787355
OPAL-8,52.75056448,-117.6222,150,2020,-99999,-99999,0,,-99999,0,N,128.1013879
OPAL-9,52.7479422,-117.6217,150,2020,-99999,-99999,0,,-99999,0,N,128.1013879
PYRAMID-3,52.91173037,-118.0885,150,2022,1,15,3,HG,10,3,L,1007.906123
PYRAMID-4,52.91401327,-118.0866,150,2022,1,15,3,HG,10,3,L,1007.906123
PYRAMID-6,52.91230353,-118.0779,150,2020,0.8,20,8,HE,25,8,L,87.94321112
PYRAMID-7,52.91329393,-118.0738,150,2020,0.8,20,8,HE,25,8,L,87.94321112
SULPHUR-3,53.11404336,-117.7616,150,2020,-99999,-99999,0,,-99999,0,L,654.2754508
SULPHUR-4,53.11272724,-117.7579,150,2020,-99999,-99999,0,,-99999,0,L,654.2754508
SULPHUR-3,53.11404336,-117.7616,150,2020,0.5,15,3,,-99999,0,L,45.12194722
SULPHUR-4,53.11272724,-117.7579,150,2020,0.5,15,3,,-99999,0,L,45.12194722
SULPHUR-5,53.11099,-117.754,150,2020,1.5,70,8,HG,15,3,N,649.7386933
SULPHUR-6,53.11007973,-117.7501,150,2020,1.5,70,8,HG,15,3,N,649.7386933
SULPHUR-5,53.11099,-117.754,150,2020,0.8,20,6,,-99999,0,L,635.3752366
SULPHUR-6,53.11007973,-117.7501,150,2020,0.8,20,6,,-99999,0,L,635.3752366
SULPHUR-5,53.11099,-117.754,150,2020,0.5,5,3,,-99999,0,L,158.3550822
SULPHUR-6,53.11007973,-117.7501,150,2020,0.5,5,3,,-99999,0,L,158.3550822
TEKARRA-2,52.86022928,-118.0553,150,2020,0.5,55,9,,-99999,0,L,4.821326066
TEKARRA-3,52.86008871,-118.0509,150,2020,0.5,55,9,,-99999,0,L,4.821326066
TEKARRA-2,52.86022928,-118.0553,150,2020,1.5,45,9,HG,40,9,L,94.201136
TEKARRA-3,52.86008871,-118.0509,150,2020,1.5,45,9,HG,40,9,L,94.201136
TEKARRA-3,52.86008871,-118.0509,150,2020,0.5,65,9,HE,20,9,L,64.52631912
TEKARRA-4,52.85796331,-118.0483,150,2020,0.5,65,9,HE,20,9,L,64.52631912
TEKARRA-3,52.86008871,-118.0509,150,2020,1.5,45,9,HG,40,9,L,162.9283805
TEKARRA-4,52.85796331,-118.0483,150,2020,1.5,45,9,HG,40,9,L,162.9283805
VALLEY5-1,52.81101116,-118.0159,150,2020,4,77,9,HG,15,3,L,36.57296717
VALLEY5-2,52.81090412,-118.0116,150,2020,4,77,9,HG,15,3,L,36.57296717
VALLEY5-1,52.81101116,-118.0159,150,2020,0.4,60,9,,-99999,0,L,469.930938
VALLEY5-2,52.81090412,-118.0116,150,2020,0.4,60,9,,-99999,0,L,469.930938
VALLEY5-10,52.79787948,-117.9824,150,2020,0.4,20,6,HE,60,8,L,88.91328023
VALLEY5-9,52.79868113,-117.9866,150,2020,0.4,20,6,HE,60,8,L,88.91328023
VALLEY5-8,52.79979198,-117.9903,150,2020,0.4,20,6,HE,60,8,L,1621.217957
VALLEY5-9,52.79868113,-117.9866,150,2020,0.4,20,6,HE,60,8,L,1621.217957
WATCHTOWER-4,52.86839786,-117.8253,150,2020,0.5,35,8,HE,60,8,H,91.62290257
WATCHTOWER-5,52.86612125,-117.823,150,2020,0.5,35,8,HE,60,8,H,91.62290257
WILCOX-2,52.26774255,-117.2567,150,2020,0.7,52,8,,-99999,0,L,454.1906157
WILCOX-3,52.2653729,-117.2549,150,2020,0.7,52,8,,-99999,0,L,454.1906157
WILCOX-6,52.25814996,-117.2481,150,2020,-99999,-99999,0,,-99999,0,,553.000461
WILCOX-7,52.25653837,-117.2448,150,2020,-99999,-99999,0,,-99999,0,,553.000461
WILCOX-6,52.25814996,-117.2481,150,2020,2.3,59,8,HE,23,8,N,132.7584948
WILCOX-7,52.25653837,-117.2448,150,2020,2.3,59,8,HE,23,8,N,132.7584948
WILCOX-8,52.25868406,-117.242,150,2020,0.2,6,3,HE,20,8,,103.4522986
WILCOX-9,52.26077316,-117.2447,150,2020,0.2,6,3,HE,20,8,,103.4522986
